fixture_id,referee,timezone,date,timestamp,first_half,second_half,venue_id,venue_name,venue_city,status_long,status_short,status_elapsed,league_id,league_name,league_country,league_logo,league_flag,league_season,league_round,home_team_id,home_team_name,home_team_logo,home_team_winner,away_team_id,away_team_name,away_team_logo,away_team_winner,home_goals,away_goals,halftime_home_goals,halftime_away_goals,fulltime_home_goals,fulltime_away_goals,extratime_home_goals,extratime_away_goals,penalty_home_goals,penalty_away_goals
66,"Martin Atkinson, England",UTC,2018-08-11T11:30:00+00:00,1533987000,1533987000,1533990600,562,St James' Park,Newcastle upon Tyne,Match Finished,FT,90,39,Premier League,England,https://media.api-sports.io/football/leagues/39.png,https://media.api-sports.io/flags/gb.svg,2018,Regular Season - 1,34,Newcastle,https://media.api-sports.io/football/teams/34.png,0,47,Tottenham,https://media.api-sports.io/football/teams/47.png,1,1,2,1,2,1,2,,,,
67,"Kevin Friend, England",UTC,2018-08-11T14:00:00+00:00,1533996000,1533996000,1533999600,,Vitality Stadium,Bournemouth,Match Finished,FT,90,39,Premier League,England,https://media.api-sports.io/football/leagues/39.png,https://media.api-sports.io/flags/gb.svg,2018,Regular Season - 1,35,Bournemouth,https://media.api-sports.io/football/teams/35.png,1,43,Cardiff,https://media.api-sports.io/football/teams/43.png,0,2,0,1,0,2,0,,,,
68,"Mike Dean, England",UTC,2018-08-11T14:00:00+00:00,1533996000,1533996000,1533999600,535,Craven Cottage,London,Match Finished,FT,90,39,Premier League,England,https://media.api-sports.io/football/leagues/39.png,https://media.api-sports.io/flags/gb.svg,2018,Regular Season - 1,36,Fulham,https://media.api-sports.io/football/teams/36.png,0,52,Crystal Palace,https://media.api-sports.io/football/teams/52.png,1,0,2,0,1,0,2,,,,
69,"Chris Kavanagh, England",UTC,2018-08-11T14:00:00+00:00,1533996000,1533996000,1533999600,,John Smith's Stadium,Huddersfield,Match Finished,FT,90,39,Premier League,England,https://media.api-sports.io/football/leagues/39.png,https://media.api-sports.io/flags/gb.svg,2018,Regular Season - 1,37,Huddersfield,https://media.api-sports.io/football/teams/37.png,0,49,Chelsea,https://media.api-sports.io/football/teams/49.png,1,0,3,0,2,0,3,,,,
70,"Jonathan Moss, England",UTC,2018-08-11T14:00:00+00:00,1533996000,1533996000,1533999600,596,Vicarage Road,Watford,Match Finished,FT,90,39,Premier League,England,https://media.api-sports.io/football/leagues/39.png,https://media.api-sports.io/flags/gb.svg,2018,Regular Season - 1,38,Watford,https://media.api-sports.io/football/teams/38.png,1,51,Brighton,https://media.api-sports.io/football/teams/51.png,0,2,0,1,0,2,0,,,,
71,"Craig Pawson, England",UTC,2018-08-11T16:30:00+00:00,1534005000,1534005000,1534008600,,Molineux Stadium,Wolverhampton,Match Finished,FT,90,39,Premier League,England,https://media.api-sports.io/football/leagues/39.png,https://media.api-sports.io/flags/gb.svg,2018,Regular Season - 1,39,Wolves,https://media.api-sports.io/football/teams/39.png,,45,Everton,https://media.api-sports.io/football/teams/45.png,,2,2,1,1,2,2,,,,
72,"Anthony Taylor, England",UTC,2018-08-12T12:30:00+00:00,1534077000,1534077000,1534080600,550,Anfield,Liverpool,Match Finished,FT,90,39,Premier League,England,https://media.api-sports.io/football/leagues/39.png,https://media.api-sports.io/flags/gb.svg,2018,Regular Season - 1,40,Liverpool,https://media.api-sports.io/football/teams/40.png,1,48,West Ham,https://media.api-sports.io/football/teams/48.png,0,4,0,2,0,4,0,,,,
73,"Graham Scott, England",UTC,2018-08-12T12:30:00+00:00,1534077000,1534077000,1534080600,,St. Mary's Stadium,Southampton,Match Finished,FT,90,39,Premier League,England,https://media.api-sports.io/football/leagues/39.png,https://media.api-sports.io/flags/gb.svg,2018,Regular Season - 1,41,Southampton,https://media.api-sports.io/football/teams/41.png,,44,Burnley,https://media.api-sports.io/football/teams/44.png,,0,0,0,0,0,0,,,,
74,"Michael Oliver, England",UTC,2018-08-12T15:00:00+00:00,1534086000,1534086000,1534089600,494,Emirates Stadium,London,Match Finished,FT,90,39,Premier League,England,https://media.api-sports.io/football/leagues/39.png,https://media.api-sports.io/flags/gb.svg,2018,Regular Season - 1,42,Arsenal,https://media.api-sports.io/football/teams/42.png,0,50,Manchester City,https://media.api-sports.io/football/teams/50.png,1,0,2,0,1,0,2,,,,
75,"Craig Pawson, England",UTC,2018-08-18T11:30:00+00:00,1534591800,1534591800,1534595400,,Cardiff City Stadium,Cardiff,Match Finished,FT,90,39,Premier League,England,https://media.api-sports.io/football/leagues/39.png,https://media.api-sports.io/flags/gb.svg,2018,Regular Season - 2,43,Cardiff,https://media.api-sports.io/football/teams/43.png,,34,Newcastle,https://media.api-sports.io/football/teams/34.png,,0,0,0,0,0,0,,,,
76,"Paul Tierney, England",UTC,2018-08-19T12:30:00+00:00,1534681800,1534681800,1534685400,512,Turf Moor,Burnley,Match Finished,FT,90,39,Premier League,England,https://media.api-sports.io/football/leagues/39.png,https://media.api-sports.io/flags/gb.svg,2018,Regular Season - 2,44,Burnley,https://media.api-sports.io/football/teams/44.png,0,38,Watford,https://media.api-sports.io/football/teams/38.png,1,1,3,1,1,1,3,,,,
77,"Lee Mason, England",UTC,2018-08-18T14:00:00+00:00,1534600800,1534600800,1534604400,8560,Goodison Park,Liverpool,Match Finished,FT,90,39,Premier League,England,https://media.api-sports.io/football/leagues/39.png,https://media.api-sports.io/flags/gb.svg,2018,Regular Season - 2,45,Everton,https://media.api-sports.io/football/teams/45.png,1,41,Southampton,https://media.api-sports.io/football/teams/41.png,0,2,1,2,0,2,1,,,,
78,"Mike Dean, England",UTC,2018-08-18T14:00:00+00:00,1534600800,1534600800,1534604400,,King Power Stadium,Leicester,Match Finished,FT,90,39,Premier League,England,https://media.api-sports.io/football/leagues/39.png,https://media.api-sports.io/flags/gb.svg,2018,Regular Season - 2,46,Leicester,https://media.api-sports.io/football/teams/46.png,1,39,Wolves,https://media.api-sports.io/football/teams/39.png,0,2,0,2,0,2,0,,,,
79,"Anthony Taylor, England",UTC,2018-08-18T14:00:00+00:00,1534600800,1534600800,1534604400,489,Wembley Stadium,London,Match Finished,FT,90,39,Premier League,England,https://media.api-sports.io/football/leagues/39.png,https://media.api-sports.io/flags/gb.svg,2018,Regular Season - 2,47,Tottenham,https://media.api-sports.io/football/teams/47.png,1,36,Fulham,https://media.api-sports.io/football/teams/36.png,0,3,1,1,0,3,1,,,,
80,"Stuart Attwell, England",UTC,2018-08-18T14:00:00+00:00,1534600800,1534600800,1534604400,598,London Stadium,London,Match Finished,FT,90,39,Premier League,England,https://media.api-sports.io/football/leagues/39.png,https://media.api-sports.io/flags/gb.svg,2018,Regular Season - 2,48,West Ham,https://media.api-sports.io/football/teams/48.png,0,35,Bournemouth,https://media.api-sports.io/football/teams/35.png,1,1,2,1,0,1,2,,,,
81,"Martin Atkinson, England",UTC,2018-08-18T16:30:00+00:00,1534609800,1534609800,1534613400,519,Stamford Bridge,London,Match Finished,FT,90,39,Premier League,England,https://media.api-sports.io/football/leagues/39.png,https://media.api-sports.io/flags/gb.svg,2018,Regular Season - 2,49,Chelsea,https://media.api-sports.io/football/teams/49.png,1,42,Arsenal,https://media.api-sports.io/football/teams/42.png,0,3,2,2,2,3,2,,,,
82,"Andre Marriner, England",UTC,2018-08-19T12:30:00+00:00,1534681800,1534681800,1534685400,555,Etihad Stadium,Manchester,Match Finished,FT,90,39,Premier League,England,https://media.api-sports.io/football/leagues/39.png,https://media.api-sports.io/flags/gb.svg,2018,Regular Season - 2,50,Manchester City,https://media.api-sports.io/football/teams/50.png,1,37,Huddersfield,https://media.api-sports.io/football/teams/37.png,0,6,1,3,1,6,1,,,,
83,"Kevin Friend, England",UTC,2018-08-19T15:00:00+00:00,1534690800,1534690800,1534694400,,American Express Community Stadium,Falmer,Match Finished,FT,90,39,Premier League,England,https://media.api-sports.io/football/leagues/39.png,https://media.api-sports.io/flags/gb.svg,2018,Regular Season - 2,51,Brighton,https://media.api-sports.io/football/teams/51.png,1,33,Manchester United,https://media.api-sports.io/football/teams/33.png,0,3,2,3,1,3,2,,,,
84,"Michael Oliver, England",UTC,2018-08-20T19:00:00+00:00,1534791600,1534791600,1534795200,525,Selhurst Park,London,Match Finished,FT,90,39,Premier League,England,https://media.api-sports.io/football/leagues/39.png,https://media.api-sports.io/flags/gb.svg,2018,Regular Season - 2,52,Crystal Palace,https://media.api-sports.io/football/teams/52.png,0,40,Liverpool,https://media.api-sports.io/football/teams/40.png,1,0,2,0,1,0,2,,,,
85,"Martin Atkinson, England",UTC,2018-08-25T11:30:00+00:00,1535196600,1535196600,1535200200,,Molineux Stadium,Wolverhampton,Match Finished,FT,90,39,Premier League,England,https://media.api-sports.io/football/leagues/39.png,https://media.api-sports.io/flags/gb.svg,2018,Regular Season - 3,39,Wolves,https://media.api-sports.io/football/teams/39.png,,50,Manchester City,https://media.api-sports.io/football/teams/50.png,,1,1,0,0,1,1,,,,
86,"Graham Scott, England",UTC,2018-08-25T14:00:00+00:00,1535205600,1535205600,1535209200,494,Emirates Stadium,London,Match Finished,FT,90,39,Premier League,England,https://media.api-sports.io/football/leagues/39.png,https://media.api-sports.io/flags/gb.svg,2018,Regular Season - 3,42,Arsenal,https://media.api-sports.io/football/teams/42.png,1,48,West Ham,https://media.api-sports.io/football/teams/48.png,0,3,1,1,1,3,1,,,,
87,"Lee Probert, England",UTC,2018-08-25T14:00:00+00:00,1535205600,1535205600,1535209200,,Vitality Stadium,Bournemouth,Match Finished,FT,90,39,Premier League,England,https://media.api-sports.io/football/leagues/39.png,https://media.api-sports.io/flags/gb.svg,2018,Regular Season - 3,35,Bournemouth,https://media.api-sports.io/football/teams/35.png,,45,Everton,https://media.api-sports.io/football/teams/45.png,,2,2,0,0,2,2,,,,
88,"David Coote, England",UTC,2018-08-26T15:00:00+00:00,1535295600,1535295600,1535299200,535,Craven Cottage,London,Match Finished,FT,90,39,Premier League,England,https://media.api-sports.io/football/leagues/39.png,https://media.api-sports.io/flags/gb.svg,2018,Regular Season - 3,36,Fulham,https://media.api-sports.io/football/teams/36.png,1,44,Burnley,https://media.api-sports.io/football/teams/44.png,0,4,2,3,2,4,2,,,,
89,"Michael Oliver, England",UTC,2018-08-25T14:00:00+00:00,1535205600,1535205600,1535209200,,John Smith's Stadium,Huddersfield,Match Finished,FT,90,39,Premier League,England,https://media.api-sports.io/football/leagues/39.png,https://media.api-sports.io/flags/gb.svg,2018,Regular Season - 3,37,Huddersfield,https://media.api-sports.io/football/teams/37.png,,43,Cardiff,https://media.api-sports.io/football/teams/43.png,,0,0,0,0,0,0,,,,
90,"Jonathan Moss, England",UTC,2018-08-25T14:00:00+00:00,1535205600,1535205600,1535209200,,St. Mary's Stadium,Southampton,Match Finished,FT,90,39,Premier League,England,https://media.api-sports.io/football/leagues/39.png,https://media.api-sports.io/flags/gb.svg,2018,Regular Season - 3,41,Southampton,https://media.api-sports.io/football/teams/41.png,0,46,Leicester,https://media.api-sports.io/football/teams/46.png,1,1,2,0,0,1,2,,,,
91,"Chris Kavanagh, England",UTC,2018-08-25T16:30:00+00:00,1535214600,1535214600,1535218200,550,Anfield,Liverpool,Match Finished,FT,90,39,Premier League,England,https://media.api-sports.io/football/leagues/39.png,https://media.api-sports.io/flags/gb.svg,2018,Regular Season - 3,40,Liverpool,https://media.api-sports.io/football/teams/40.png,1,51,Brighton,https://media.api-sports.io/football/teams/51.png,0,1,0,1,0,1,0,,,,
92,"Anthony Taylor, England",UTC,2018-08-26T12:30:00+00:00,1535286600,1535286600,1535290200,596,Vicarage Road,Watford,Match Finished,FT,90,39,Premier League,England,https://media.api-sports.io/football/leagues/39.png,https://media.api-sports.io/flags/gb.svg,2018,Regular Season - 3,38,Watford,https://media.api-sports.io/football/teams/38.png,1,52,Crystal Palace,https://media.api-sports.io/football/teams/52.png,0,2,1,0,0,2,1,,,,
93,"Paul Tierney, England",UTC,2018-08-26T15:00:00+00:00,1535295600,1535295600,1535299200,562,St James' Park,Newcastle upon Tyne,Match Finished,FT,90,39,Premier League,England,https://media.api-sports.io/football/leagues/39.png,https://media.api-sports.io/flags/gb.svg,2018,Regular Season - 3,34,Newcastle,https://media.api-sports.io/football/teams/34.png,0,49,Chelsea,https://media.api-sports.io/football/teams/49.png,1,1,2,0,0,1,2,,,,
94,"Craig Pawson, England",UTC,2018-08-27T19:00:00+00:00,1535396400,1535396400,1535400000,556,Old Trafford,Manchester,Match Finished,FT,90,39,Premier League,England,https://media.api-sports.io/football/leagues/39.png,https://media.api-sports.io/flags/gb.svg,2018,Regular Season - 3,33,Manchester United,https://media.api-sports.io/football/teams/33.png,0,47,Tottenham,https://media.api-sports.io/football/teams/47.png,1,0,3,0,0,0,3,,,,
95,"Paul Tierney, England",UTC,2018-09-01T11:30:00+00:00,1535801400,1535801400,1535805000,,King Power Stadium,Leicester,Match Finished,FT,90,39,Premier League,England,https://media.api-sports.io/football/leagues/39.png,https://media.api-sports.io/flags/gb.svg,2018,Regular Season - 4,46,Leicester,https://media.api-sports.io/football/teams/46.png,0,40,Liverpool,https://media.api-sports.io/football/teams/40.png,1,1,2,0,2,1,2,,,,
96,"Lee Probert, England",UTC,2018-09-01T14:00:00+00:00,1535810400,1535810400,1535814000,,American Express Community Stadium,Falmer,Match Finished,FT,90,39,Premier League,England,https://media.api-sports.io/football/leagues/39.png,https://media.api-sports.io/flags/gb.svg,2018,Regular Season - 4,51,Brighton,https://media.api-sports.io/football/teams/51.png,,36,Fulham,https://media.api-sports.io/football/teams/36.png,,2,2,0,1,2,2,,,,
97,"Jonathan Moss, England",UTC,2018-09-02T15:00:00+00:00,1535900400,1535900400,1535904000,512,Turf Moor,Burnley,Match Finished,FT,90,39,Premier League,England,https://media.api-sports.io/football/leagues/39.png,https://media.api-sports.io/flags/gb.svg,2018,Regular Season - 4,44,Burnley,https://media.api-sports.io/football/teams/44.png,0,33,Manchester United,https://media.api-sports.io/football/teams/33.png,1,0,2,0,2,0,2,,,,
98,"Lee Mason, England",UTC,2018-09-01T14:00:00+00:00,1535810400,1535810400,1535814000,519,Stamford Bridge,London,Match Finished,FT,90,39,Premier League,England,https://media.api-sports.io/football/leagues/39.png,https://media.api-sports.io/flags/gb.svg,2018,Regular Season - 4,49,Chelsea,https://media.api-sports.io/football/teams/49.png,1,35,Bournemouth,https://media.api-sports.io/football/teams/35.png,0,2,0,0,0,2,0,,,,
99,"Martin Atkinson, England",UTC,2018-09-01T14:00:00+00:00,1535810400,1535810400,1535814000,525,Selhurst Park,London,Match Finished,FT,90,39,Premier League,England,https://media.api-sports.io/football/leagues/39.png,https://media.api-sports.io/flags/gb.svg,2018,Regular Season - 4,52,Crystal Palace,https://media.api-sports.io/football/teams/52.png,0,41,Southampton,https://media.api-sports.io/football/teams/41.png,1,0,2,0,0,0,2,,,,
100,"Stuart Attwell, England",UTC,2018-09-01T14:00:00+00:00,1535810400,1535810400,1535814000,8560,Goodison Park,Liverpool,Match Finished,FT,90,39,Premier League,England,https://media.api-sports.io/football/leagues/39.png,https://media.api-sports.io/flags/gb.svg,2018,Regular Season - 4,45,Everton,https://media.api-sports.io/football/teams/45.png,,37,Huddersfield,https://media.api-sports.io/football/teams/37.png,,1,1,1,1,1,1,,,,
101,"Chris Kavanagh, England",UTC,2018-09-01T14:00:00+00:00,1535810400,1535810400,1535814000,598,London Stadium,London,Match Finished,FT,90,39,Premier League,England,https://media.api-sports.io/football/leagues/39.png,https://media.api-sports.io/flags/gb.svg,2018,Regular Season - 4,48,West Ham,https://media.api-sports.io/football/teams/48.png,0,39,Wolves,https://media.api-sports.io/football/teams/39.png,1,0,1,0,0,0,1,,,,
102,"Kevin Friend, England",UTC,2018-09-01T16:30:00+00:00,1535819400,1535819400,1535823000,555,Etihad Stadium,Manchester,Match Finished,FT,90,39,Premier League,England,https://media.api-sports.io/football/leagues/39.png,https://media.api-sports.io/flags/gb.svg,2018,Regular Season - 4,50,Manchester City,https://media.api-sports.io/football/teams/50.png,1,34,Newcastle,https://media.api-sports.io/football/teams/34.png,0,2,1,1,1,2,1,,,,
103,"Anthony Taylor, England",UTC,2018-09-02T12:30:00+00:00,1535891400,1535891400,1535895000,,Cardiff City Stadium,Cardiff,Match Finished,FT,90,39,Premier League,England,https://media.api-sports.io/football/leagues/39.png,https://media.api-sports.io/flags/gb.svg,2018,Regular Season - 4,43,Cardiff,https://media.api-sports.io/football/teams/43.png,0,42,Arsenal,https://media.api-sports.io/football/teams/42.png,1,2,3,1,1,2,3,,,,
104,"Andre Marriner, England",UTC,2018-09-02T15:00:00+00:00,1535900400,1535900400,1535904000,596,Vicarage Road,Watford,Match Finished,FT,90,39,Premier League,England,https://media.api-sports.io/football/leagues/39.png,https://media.api-sports.io/flags/gb.svg,2018,Regular Season - 4,38,Watford,https://media.api-sports.io/football/teams/38.png,1,47,Tottenham,https://media.api-sports.io/football/teams/47.png,0,2,1,0,0,2,1,,,,
105,"Michael Oliver, England",UTC,2018-09-15T11:30:00+00:00,1537011000,1537011000,1537014600,489,Wembley Stadium,London,Match Finished,FT,90,39,Premier League,England,https://media.api-sports.io/football/leagues/39.png,https://media.api-sports.io/flags/gb.svg,2018,Regular Season - 5,47,Tottenham,https://media.api-sports.io/football/teams/47.png,0,40,Liverpool,https://media.api-sports.io/football/teams/40.png,1,1,2,0,1,1,2,,,,
106,"Craig Pawson, England",UTC,2018-09-15T14:00:00+00:00,1537020000,1537020000,1537023600,,Vitality Stadium,Bournemouth,Match Finished,FT,90,39,Premier League,England,https://media.api-sports.io/football/leagues/39.png,https://media.api-sports.io/flags/gb.svg,2018,Regular Season - 5,35,Bournemouth,https://media.api-sports.io/football/teams/35.png,1,46,Leicester,https://media.api-sports.io/football/teams/46.png,0,4,2,3,0,4,2,,,,
107,"Jonathan Moss, England",UTC,2018-09-15T14:00:00+00:00,1537020000,1537020000,1537023600,519,Stamford Bridge,London,Match Finished,FT,90,39,Premier League,England,https://media.api-sports.io/football/leagues/39.png,https://media.api-sports.io/flags/gb.svg,2018,Regular Season - 5,49,Chelsea,https://media.api-sports.io/football/teams/49.png,1,43,Cardiff,https://media.api-sports.io/football/teams/43.png,0,4,1,2,1,4,1,,,,
108,"Graham Scott, England",UTC,2018-09-15T14:00:00+00:00,1537020000,1537020000,1537023600,,John Smith's Stadium,Huddersfield,Match Finished,FT,90,39,Premier League,England,https://media.api-sports.io/football/leagues/39.png,https://media.api-sports.io/flags/gb.svg,2018,Regular Season - 5,37,Huddersfield,https://media.api-sports.io/football/teams/37.png,0,52,Crystal Palace,https://media.api-sports.io/football/teams/52.png,1,0,1,0,1,0,1,,,,
109,"Stuart Attwell, England",UTC,2018-09-15T14:00:00+00:00,1537020000,1537020000,1537023600,555,Etihad Stadium,Manchester,Match Finished,FT,90,39,Premier League,England,https://media.api-sports.io/football/leagues/39.png,https://media.api-sports.io/flags/gb.svg,2018,Regular Season - 5,50,Manchester City,https://media.api-sports.io/football/teams/50.png,1,36,Fulham,https://media.api-sports.io/football/teams/36.png,0,3,0,2,0,3,0,,,,
110,"Lee Probert, England",UTC,2018-09-15T14:00:00+00:00,1537020000,1537020000,1537023600,562,St James' Park,Newcastle upon Tyne,Match Finished,FT,90,39,Premier League,England,https://media.api-sports.io/football/leagues/39.png,https://media.api-sports.io/flags/gb.svg,2018,Regular Season - 5,34,Newcastle,https://media.api-sports.io/football/teams/34.png,0,42,Arsenal,https://media.api-sports.io/football/teams/42.png,1,1,2,0,0,1,2,,,,
111,"Mike Dean, England",UTC,2018-09-15T16:30:00+00:00,1537029000,1537029000,1537032600,596,Vicarage Road,Watford,Match Finished,FT,90,39,Premier League,England,https://media.api-sports.io/football/leagues/39.png,https://media.api-sports.io/flags/gb.svg,2018,Regular Season - 5,38,Watford,https://media.api-sports.io/football/teams/38.png,0,33,Manchester United,https://media.api-sports.io/football/teams/33.png,1,1,2,0,2,1,2,,,,
112,"Andre Marriner, England",UTC,2018-09-16T12:30:00+00:00,1537101000,1537101000,1537104600,,Molineux Stadium,Wolverhampton,Match Finished,FT,90,39,Premier League,England,https://media.api-sports.io/football/leagues/39.png,https://media.api-sports.io/flags/gb.svg,2018,Regular Season - 5,39,Wolves,https://media.api-sports.io/football/teams/39.png,1,44,Burnley,https://media.api-sports.io/football/teams/44.png,0,1,0,0,0,1,0,,,,
113,"Martin Atkinson, England",UTC,2018-09-16T15:00:00+00:00,1537110000,1537110000,1537113600,8560,Goodison Park,Liverpool,Match Finished,FT,90,39,Premier League,England,https://media.api-sports.io/football/leagues/39.png,https://media.api-sports.io/flags/gb.svg,2018,Regular Season - 5,45,Everton,https://media.api-sports.io/football/teams/45.png,0,48,West Ham,https://media.api-sports.io/football/teams/48.png,1,1,3,1,2,1,3,,,,
114,"Anthony Taylor, England",UTC,2018-09-17T19:00:00+00:00,1537210800,1537210800,1537214400,,St. Mary's Stadium,Southampton,Match Finished,FT,90,39,Premier League,England,https://media.api-sports.io/football/leagues/39.png,https://media.api-sports.io/flags/gb.svg,2018,Regular Season - 5,41,Southampton,https://media.api-sports.io/football/teams/41.png,,51,Brighton,https://media.api-sports.io/football/teams/51.png,,2,2,1,0,2,2,,,,
115,"Martin Atkinson, England",UTC,2018-09-22T11:30:00+00:00,1537615800,1537615800,1537619400,535,Craven Cottage,London,Match Finished,FT,90,39,Premier League,England,https://media.api-sports.io/football/leagues/39.png,https://media.api-sports.io/flags/gb.svg,2018,Regular Season - 6,36,Fulham,https://media.api-sports.io/football/teams/36.png,,38,Watford,https://media.api-sports.io/football/teams/38.png,,1,1,0,1,1,1,,,,
116,"Anthony Taylor, England",UTC,2018-09-22T14:00:00+00:00,1537624800,1537624800,1537628400,512,Turf Moor,Burnley,Match Finished,FT,90,39,Premier League,England,https://media.api-sports.io/football/leagues/39.png,https://media.api-sports.io/flags/gb.svg,2018,Regular Season - 6,44,Burnley,https://media.api-sports.io/football/teams/44.png,1,35,Bournemouth,https://media.api-sports.io/football/teams/35.png,0,4,0,2,0,4,0,,,,
117,"Michael Oliver, England",UTC,2018-09-22T14:00:00+00:00,1537624800,1537624800,1537628400,,Cardiff City Stadium,Cardiff,Match Finished,FT,90,39,Premier League,England,https://media.api-sports.io/football/leagues/39.png,https://media.api-sports.io/flags/gb.svg,2018,Regular Season - 6,43,Cardiff,https://media.api-sports.io/football/teams/43.png,0,50,Manchester City,https://media.api-sports.io/football/teams/50.png,1,0,5,0,3,0,5,,,,
118,"Andre Marriner, England",UTC,2018-09-22T14:00:00+00:00,1537624800,1537624800,1537628400,525,Selhurst Park,London,Match Finished,FT,90,39,Premier League,England,https://media.api-sports.io/football/leagues/39.png,https://media.api-sports.io/flags/gb.svg,2018,Regular Season - 6,52,Crystal Palace,https://media.api-sports.io/football/teams/52.png,,34,Newcastle,https://media.api-sports.io/football/teams/34.png,,0,0,0,0,0,0,,,,
119,"David Coote, England",UTC,2018-09-22T14:00:00+00:00,1537624800,1537624800,1537628400,,King Power Stadium,Leicester,Match Finished,FT,90,39,Premier League,England,https://media.api-sports.io/football/leagues/39.png,https://media.api-sports.io/flags/gb.svg,2018,Regular Season - 6,46,Leicester,https://media.api-sports.io/football/teams/46.png,1,37,Huddersfield,https://media.api-sports.io/football/teams/37.png,0,3,1,1,1,3,1,,,,
120,"Paul Tierney, England",UTC,2018-09-22T14:00:00+00:00,1537624800,1537624800,1537628400,550,Anfield,Liverpool,Match Finished,FT,90,39,Premier League,England,https://media.api-sports.io/football/leagues/39.png,https://media.api-sports.io/flags/gb.svg,2018,Regular Season - 6,40,Liverpool,https://media.api-sports.io/football/teams/40.png,1,41,Southampton,https://media.api-sports.io/football/teams/41.png,0,3,0,3,0,3,0,,,,
121,"Kevin Friend, England",UTC,2018-09-22T14:00:00+00:00,1537624800,1537624800,1537628400,556,Old Trafford,Manchester,Match Finished,FT,90,39,Premier League,England,https://media.api-sports.io/football/leagues/39.png,https://media.api-sports.io/flags/gb.svg,2018,Regular Season - 6,33,Manchester United,https://media.api-sports.io/football/teams/33.png,,39,Wolves,https://media.api-sports.io/football/teams/39.png,,1,1,1,0,1,1,,,,
122,"Chris Kavanagh, England",UTC,2018-09-22T16:30:00+00:00,1537633800,1537633800,1537637400,,American Express Community Stadium,Falmer,Match Finished,FT,90,39,Premier League,England,https://media.api-sports.io/football/leagues/39.png,https://media.api-sports.io/flags/gb.svg,2018,Regular Season - 6,51,Brighton,https://media.api-sports.io/football/teams/51.png,0,47,Tottenham,https://media.api-sports.io/football/teams/47.png,1,1,2,0,1,1,2,,,,
123,"Mike Dean, England",UTC,2018-09-23T12:30:00+00:00,1537705800,1537705800,1537709400,598,London Stadium,London,Match Finished,FT,90,39,Premier League,England,https://media.api-sports.io/football/leagues/39.png,https://media.api-sports.io/flags/gb.svg,2018,Regular Season - 6,48,West Ham,https://media.api-sports.io/football/teams/48.png,,49,Chelsea,https://media.api-sports.io/football/teams/49.png,,0,0,0,0,0,0,,,,
124,"Jonathan Moss, England",UTC,2018-09-23T15:00:00+00:00,1537714800,1537714800,1537718400,494,Emirates Stadium,London,Match Finished,FT,90,39,Premier League,England,https://media.api-sports.io/football/leagues/39.png,https://media.api-sports.io/flags/gb.svg,2018,Regular Season - 6,42,Arsenal,https://media.api-sports.io/football/teams/42.png,1,45,Everton,https://media.api-sports.io/football/teams/45.png,0,2,0,0,0,2,0,,,,
125,"Michael Oliver, England",UTC,2018-09-29T11:30:00+00:00,1538220600,1538220600,1538224200,598,London Stadium,London,Match Finished,FT,90,39,Premier League,England,https://media.api-sports.io/football/leagues/39.png,https://media.api-sports.io/flags/gb.svg,2018,Regular Season - 7,48,West Ham,https://media.api-sports.io/football/teams/48.png,1,33,Manchester United,https://media.api-sports.io/football/teams/33.png,0,3,1,2,0,3,1,,,,
126,"Anthony Taylor, England",UTC,2018-09-29T14:00:00+00:00,1538229600,1538229600,1538233200,494,Emirates Stadium,London,Match Finished,FT,90,39,Premier League,England,https://media.api-sports.io/football/leagues/39.png,https://media.api-sports.io/flags/gb.svg,2018,Regular Season - 7,42,Arsenal,https://media.api-sports.io/football/teams/42.png,1,38,Watford,https://media.api-sports.io/football/teams/38.png,0,2,0,0,0,2,0,,,,
127,"Roger East, England",UTC,2018-09-29T14:00:00+00:00,1538229600,1538229600,1538233200,8560,Goodison Park,Liverpool,Match Finished,FT,90,39,Premier League,England,https://media.api-sports.io/football/leagues/39.png,https://media.api-sports.io/flags/gb.svg,2018,Regular Season - 7,45,Everton,https://media.api-sports.io/football/teams/45.png,1,36,Fulham,https://media.api-sports.io/football/teams/36.png,0,3,0,0,0,3,0,,,,
128,"Craig Pawson, England",UTC,2018-09-29T14:00:00+00:00,1538229600,1538229600,1538233200,,John Smith's Stadium,Huddersfield,Match Finished,FT,90,39,Premier League,England,https://media.api-sports.io/football/leagues/39.png,https://media.api-sports.io/flags/gb.svg,2018,Regular Season - 7,37,Huddersfield,https://media.api-sports.io/football/teams/37.png,0,47,Tottenham,https://media.api-sports.io/football/teams/47.png,1,0,2,0,2,0,2,,,,
130,"Simon Hooper, England",UTC,2018-09-29T14:00:00+00:00,1538229600,1538229600,1538233200,562,St James' Park,Newcastle upon Tyne,Match Finished,FT,90,39,Premier League,England,https://media.api-sports.io/football/leagues/39.png,https://media.api-sports.io/flags/gb.svg,2018,Regular Season - 7,34,Newcastle,https://media.api-sports.io/football/teams/34.png,0,46,Leicester,https://media.api-sports.io/football/teams/46.png,1,0,2,0,1,0,2,,,,
131,"Stuart Attwell, England",UTC,2018-09-29T14:00:00+00:00,1538229600,1538229600,1538233200,,Molineux Stadium,Wolverhampton,Match Finished,FT,90,39,Premier League,England,https://media.api-sports.io/football/leagues/39.png,https://media.api-sports.io/flags/gb.svg,2018,Regular Season - 7,39,Wolves,https://media.api-sports.io/football/teams/39.png,1,41,Southampton,https://media.api-sports.io/football/teams/41.png,0,2,0,0,0,2,0,,,,
132,"Andre Marriner, England",UTC,2018-09-29T16:30:00+00:00,1538238600,1538238600,1538242200,519,Stamford Bridge,London,Match Finished,FT,90,39,Premier League,England,https://media.api-sports.io/football/leagues/39.png,https://media.api-sports.io/flags/gb.svg,2018,Regular Season - 7,49,Chelsea,https://media.api-sports.io/football/teams/49.png,,40,Liverpool,https://media.api-sports.io/football/teams/40.png,,1,1,1,0,1,1,,,,
133,"Martin Atkinson, England",UTC,2018-09-30T15:00:00+00:00,1538319600,1538319600,1538323200,,Cardiff City Stadium,Cardiff,Match Finished,FT,90,39,Premier League,England,https://media.api-sports.io/football/leagues/39.png,https://media.api-sports.io/flags/gb.svg,2018,Regular Season - 7,43,Cardiff,https://media.api-sports.io/football/teams/43.png,0,44,Burnley,https://media.api-sports.io/football/teams/44.png,1,1,2,0,0,1,2,,,,
134,"Mike Dean, England",UTC,2018-10-01T19:00:00+00:00,1538420400,1538420400,1538424000,,Vitality Stadium,Bournemouth,Match Finished,FT,90,39,Premier League,England,https://media.api-sports.io/football/leagues/39.png,https://media.api-sports.io/flags/gb.svg,2018,Regular Season - 7,35,Bournemouth,https://media.api-sports.io/football/teams/35.png,1,52,Crystal Palace,https://media.api-sports.io/football/teams/52.png,0,2,1,1,0,2,1,,,,
135,"Kevin Friend, England",UTC,2018-10-05T19:00:00+00:00,1538766000,1538766000,1538769600,,American Express Community Stadium,Falmer,Match Finished,FT,90,39,Premier League,England,https://media.api-sports.io/football/leagues/39.png,https://media.api-sports.io/flags/gb.svg,2018,Regular Season - 8,51,Brighton,https://media.api-sports.io/football/teams/51.png,1,48,West Ham,https://media.api-sports.io/football/teams/48.png,0,1,0,1,0,1,0,,,,
136,"Chris Kavanagh, England",UTC,2018-10-06T14:00:00+00:00,1538834400,1538834400,1538838000,512,Turf Moor,Burnley,Match Finished,FT,90,39,Premier League,England,https://media.api-sports.io/football/leagues/39.png,https://media.api-sports.io/flags/gb.svg,2018,Regular Season - 8,44,Burnley,https://media.api-sports.io/football/teams/44.png,,37,Huddersfield,https://media.api-sports.io/football/teams/37.png,,1,1,1,0,1,1,,,,
137,"Michael Oliver, England",UTC,2018-10-06T14:00:00+00:00,1538834400,1538834400,1538838000,525,Selhurst Park,London,Match Finished,FT,90,39,Premier League,England,https://media.api-sports.io/football/leagues/39.png,https://media.api-sports.io/flags/gb.svg,2018,Regular Season - 8,52,Crystal Palace,https://media.api-sports.io/football/teams/52.png,0,39,Wolves,https://media.api-sports.io/football/teams/39.png,1,0,1,0,0,0,1,,,,
138,"Paul Tierney, England",UTC,2018-10-07T11:00:00+00:00,1538910000,1538910000,1538913600,535,Craven Cottage,London,Match Finished,FT,90,39,Premier League,England,https://media.api-sports.io/football/leagues/39.png,https://media.api-sports.io/flags/gb.svg,2018,Regular Season - 8,36,Fulham,https://media.api-sports.io/football/teams/36.png,0,42,Arsenal,https://media.api-sports.io/football/teams/42.png,1,1,5,1,1,1,5,,,,
139,"Andre Marriner, England",UTC,2018-10-06T14:00:00+00:00,1538834400,1538834400,1538838000,,King Power Stadium,Leicester,Match Finished,FT,90,39,Premier League,England,https://media.api-sports.io/football/leagues/39.png,https://media.api-sports.io/flags/gb.svg,2018,Regular Season - 8,46,Leicester,https://media.api-sports.io/football/teams/46.png,0,45,Everton,https://media.api-sports.io/football/teams/45.png,1,1,2,1,1,1,2,,,,
140,"Martin Atkinson, England",UTC,2018-10-07T15:30:00+00:00,1538926200,1538926200,1538929800,550,Anfield,Liverpool,Match Finished,FT,90,39,Premier League,England,https://media.api-sports.io/football/leagues/39.png,https://media.api-sports.io/flags/gb.svg,2018,Regular Season - 8,40,Liverpool,https://media.api-sports.io/football/teams/40.png,,50,Manchester City,https://media.api-sports.io/football/teams/50.png,,0,0,0,0,0,0,,,,
141,"Anthony Taylor, England",UTC,2018-10-06T16:30:00+00:00,1538843400,1538843400,1538847000,556,Old Trafford,Manchester,Match Finished,FT,90,39,Premier League,England,https://media.api-sports.io/football/leagues/39.png,https://media.api-sports.io/flags/gb.svg,2018,Regular Season - 8,33,Manchester United,https://media.api-sports.io/football/teams/33.png,1,34,Newcastle,https://media.api-sports.io/football/teams/34.png,0,3,2,0,2,3,2,,,,
142,"Craig Pawson, England",UTC,2018-10-07T13:15:00+00:00,1538918100,1538918100,1538921700,,St. Mary's Stadium,Southampton,Match Finished,FT,90,39,Premier League,England,https://media.api-sports.io/football/leagues/39.png,https://media.api-sports.io/flags/gb.svg,2018,Regular Season - 8,41,Southampton,https://media.api-sports.io/football/teams/41.png,0,49,Chelsea,https://media.api-sports.io/football/teams/49.png,1,0,3,0,1,0,3,,,,
143,"Mike Dean, England",UTC,2018-10-06T14:00:00+00:00,1538834400,1538834400,1538838000,489,Wembley Stadium,London,Match Finished,FT,90,39,Premier League,England,https://media.api-sports.io/football/leagues/39.png,https://media.api-sports.io/flags/gb.svg,2018,Regular Season - 8,47,Tottenham,https://media.api-sports.io/football/teams/47.png,1,43,Cardiff,https://media.api-sports.io/football/teams/43.png,0,1,0,1,0,1,0,,,,
144,"Jonathan Moss, England",UTC,2018-10-06T14:00:00+00:00,1538834400,1538834400,1538838000,596,Vicarage Road,Watford,Match Finished,FT,90,39,Premier League,England,https://media.api-sports.io/football/leagues/39.png,https://media.api-sports.io/flags/gb.svg,2018,Regular Season - 8,38,Watford,https://media.api-sports.io/football/teams/38.png,0,35,Bournemouth,https://media.api-sports.io/football/teams/35.png,1,0,4,0,3,0,4,,,,
145,"Chris Kavanagh, England",UTC,2018-10-22T19:00:00+00:00,1540234800,1540234800,1540238400,494,Emirates Stadium,London,Match Finished,FT,90,39,Premier League,England,https://media.api-sports.io/football/leagues/39.png,https://media.api-sports.io/flags/gb.svg,2018,Regular Season - 9,42,Arsenal,https://media.api-sports.io/football/teams/42.png,1,46,Leicester,https://media.api-sports.io/football/teams/46.png,0,3,1,1,1,3,1,,,,
146,"Lee Probert, England",UTC,2018-10-20T14:00:00+00:00,1540044000,1540044000,1540047600,,Vitality Stadium,Bournemouth,Match Finished,FT,90,39,Premier League,England,https://media.api-sports.io/football/leagues/39.png,https://media.api-sports.io/flags/gb.svg,2018,Regular Season - 9,35,Bournemouth,https://media.api-sports.io/football/teams/35.png,,41,Southampton,https://media.api-sports.io/football/teams/41.png,,0,0,0,0,0,0,,,,
147,"Kevin Friend, England",UTC,2018-10-20T14:00:00+00:00,1540044000,1540044000,1540047600,,Cardiff City Stadium,Cardiff,Match Finished,FT,90,39,Premier League,England,https://media.api-sports.io/football/leagues/39.png,https://media.api-sports.io/flags/gb.svg,2018,Regular Season - 9,43,Cardiff,https://media.api-sports.io/football/teams/43.png,1,36,Fulham,https://media.api-sports.io/football/teams/36.png,0,4,2,2,2,4,2,,,,
148,"Mike Dean, England",UTC,2018-10-20T11:30:00+00:00,1540035000,1540035000,1540038600,519,Stamford Bridge,London,Match Finished,FT,90,39,Premier League,England,https://media.api-sports.io/football/leagues/39.png,https://media.api-sports.io/flags/gb.svg,2018,Regular Season - 9,49,Chelsea,https://media.api-sports.io/football/teams/49.png,,33,Manchester United,https://media.api-sports.io/football/teams/33.png,,2,2,1,0,2,2,,,,
149,"Anthony Taylor, England",UTC,2018-10-21T15:00:00+00:00,1540134000,1540134000,1540137600,8560,Goodison Park,Liverpool,Match Finished,FT,90,39,Premier League,England,https://media.api-sports.io/football/leagues/39.png,https://media.api-sports.io/flags/gb.svg,2018,Regular Season - 9,45,Everton,https://media.api-sports.io/football/teams/45.png,1,52,Crystal Palace,https://media.api-sports.io/football/teams/52.png,0,2,0,0,0,2,0,,,,
150,"Michael Oliver, England",UTC,2018-10-20T16:30:00+00:00,1540053000,1540053000,1540056600,,John Smith's Stadium,Huddersfield,Match Finished,FT,90,39,Premier League,England,https://media.api-sports.io/football/leagues/39.png,https://media.api-sports.io/flags/gb.svg,2018,Regular Season - 9,37,Huddersfield,https://media.api-sports.io/football/teams/37.png,0,40,Liverpool,https://media.api-sports.io/football/teams/40.png,1,0,1,0,1,0,1,,,,
151,"Jonathan Moss, England",UTC,2018-10-20T14:00:00+00:00,1540044000,1540044000,1540047600,555,Etihad Stadium,Manchester,Match Finished,FT,90,39,Premier League,England,https://media.api-sports.io/football/leagues/39.png,https://media.api-sports.io/flags/gb.svg,2018,Regular Season - 9,50,Manchester City,https://media.api-sports.io/football/teams/50.png,1,44,Burnley,https://media.api-sports.io/football/teams/44.png,0,5,0,1,0,5,0,,,,
152,"Andre Marriner, England",UTC,2018-10-20T14:00:00+00:00,1540044000,1540044000,1540047600,562,St James' Park,Newcastle upon Tyne,Match Finished,FT,90,39,Premier League,England,https://media.api-sports.io/football/leagues/39.png,https://media.api-sports.io/flags/gb.svg,2018,Regular Season - 9,34,Newcastle,https://media.api-sports.io/football/teams/34.png,0,51,Brighton,https://media.api-sports.io/football/teams/51.png,1,0,1,0,1,0,1,,,,
153,"Martin Atkinson, England",UTC,2018-10-20T14:00:00+00:00,1540044000,1540044000,1540047600,598,London Stadium,London,Match Finished,FT,90,39,Premier League,England,https://media.api-sports.io/football/leagues/39.png,https://media.api-sports.io/flags/gb.svg,2018,Regular Season - 9,48,West Ham,https://media.api-sports.io/football/teams/48.png,0,47,Tottenham,https://media.api-sports.io/football/teams/47.png,1,0,1,0,1,0,1,,,,
154,"Lee Mason, England",UTC,2018-10-20T14:00:00+00:00,1540044000,1540044000,1540047600,,Molineux Stadium,Wolverhampton,Match Finished,FT,90,39,Premier League,England,https://media.api-sports.io/football/leagues/39.png,https://media.api-sports.io/flags/gb.svg,2018,Regular Season - 9,39,Wolves,https://media.api-sports.io/football/teams/39.png,0,38,Watford,https://media.api-sports.io/football/teams/38.png,1,0,2,0,2,0,2,,,,
155,"Anthony Taylor, England",UTC,2018-10-27T14:00:00+00:00,1540648800,1540648800,1540652400,,American Express Community Stadium,Falmer,Match Finished,FT,90,39,Premier League,England,https://media.api-sports.io/football/leagues/39.png,https://media.api-sports.io/flags/gb.svg,2018,Regular Season - 10,51,Brighton,https://media.api-sports.io/football/teams/51.png,1,39,Wolves,https://media.api-sports.io/football/teams/39.png,0,1,0,0,0,1,0,,,,
156,"Craig Pawson, England",UTC,2018-10-28T13:30:00+00:00,1540733400,1540733400,1540737000,512,Turf Moor,Burnley,Match Finished,FT,90,39,Premier League,England,https://media.api-sports.io/football/leagues/39.png,https://media.api-sports.io/flags/gb.svg,2018,Regular Season - 10,44,Burnley,https://media.api-sports.io/football/teams/44.png,0,49,Chelsea,https://media.api-sports.io/football/teams/49.png,1,0,4,0,1,0,4,,,,
157,"Martin Atkinson, England",UTC,2018-10-28T13:30:00+00:00,1540733400,1540733400,1540737000,525,Selhurst Park,London,Match Finished,FT,90,39,Premier League,England,https://media.api-sports.io/football/leagues/39.png,https://media.api-sports.io/flags/gb.svg,2018,Regular Season - 10,52,Crystal Palace,https://media.api-sports.io/football/teams/52.png,,42,Arsenal,https://media.api-sports.io/football/teams/42.png,,2,2,1,0,2,2,,,,
158,"Andre Marriner, England",UTC,2018-10-27T14:00:00+00:00,1540648800,1540648800,1540652400,535,Craven Cottage,London,Match Finished,FT,90,39,Premier League,England,https://media.api-sports.io/football/leagues/39.png,https://media.api-sports.io/flags/gb.svg,2018,Regular Season - 10,36,Fulham,https://media.api-sports.io/football/teams/36.png,0,35,Bournemouth,https://media.api-sports.io/football/teams/35.png,1,0,3,0,1,0,3,,,,
159,"Michael Oliver, England",UTC,2018-10-27T16:30:00+00:00,1540657800,1540657800,1540661400,,King Power Stadium,Leicester,Match Finished,FT,90,39,Premier League,England,https://media.api-sports.io/football/leagues/39.png,https://media.api-sports.io/flags/gb.svg,2018,Regular Season - 10,46,Leicester,https://media.api-sports.io/football/teams/46.png,,48,West Ham,https://media.api-sports.io/football/teams/48.png,,1,1,0,1,1,1,,,,
160,"Stuart Attwell, England",UTC,2018-10-27T14:00:00+00:00,1540648800,1540648800,1540652400,550,Anfield,Liverpool,Match Finished,FT,90,39,Premier League,England,https://media.api-sports.io/football/leagues/39.png,https://media.api-sports.io/flags/gb.svg,2018,Regular Season - 10,40,Liverpool,https://media.api-sports.io/football/teams/40.png,1,43,Cardiff,https://media.api-sports.io/football/teams/43.png,0,4,1,1,0,4,1,,,,
161,"Jonathan Moss, England",UTC,2018-10-28T16:00:00+00:00,1540742400,1540742400,1540746000,556,Old Trafford,Manchester,Match Finished,FT,90,39,Premier League,England,https://media.api-sports.io/football/leagues/39.png,https://media.api-sports.io/flags/gb.svg,2018,Regular Season - 10,33,Manchester United,https://media.api-sports.io/football/teams/33.png,1,45,Everton,https://media.api-sports.io/football/teams/45.png,0,2,1,1,0,2,1,,,,
162,"Chris Kavanagh, England",UTC,2018-10-27T14:00:00+00:00,1540648800,1540648800,1540652400,,St. Mary's Stadium,Southampton,Match Finished,FT,90,39,Premier League,England,https://media.api-sports.io/football/leagues/39.png,https://media.api-sports.io/flags/gb.svg,2018,Regular Season - 10,41,Southampton,https://media.api-sports.io/football/teams/41.png,,34,Newcastle,https://media.api-sports.io/football/teams/34.png,,0,0,0,0,0,0,,,,
163,"Kevin Friend, England",UTC,2018-10-29T20:00:00+00:00,1540843200,1540843200,1540846800,489,Wembley Stadium,London,Match Finished,FT,90,39,Premier League,England,https://media.api-sports.io/football/leagues/39.png,https://media.api-sports.io/flags/gb.svg,2018,Regular Season - 10,47,Tottenham,https://media.api-sports.io/football/teams/47.png,0,50,Manchester City,https://media.api-sports.io/football/teams/50.png,1,0,1,0,1,0,1,,,,
164,"Mike Dean, England",UTC,2018-10-27T14:00:00+00:00,1540648800,1540648800,1540652400,596,Vicarage Road,Watford,Match Finished,FT,90,39,Premier League,England,https://media.api-sports.io/football/leagues/39.png,https://media.api-sports.io/flags/gb.svg,2018,Regular Season - 10,38,Watford,https://media.api-sports.io/football/teams/38.png,1,37,Huddersfield,https://media.api-sports.io/football/teams/37.png,0,3,0,2,0,3,0,,,,
165,"Andre Marriner, England",UTC,2018-11-03T17:30:00+00:00,1541266200,1541266200,1541269800,494,Emirates Stadium,London,Match Finished,FT,90,39,Premier League,England,https://media.api-sports.io/football/leagues/39.png,https://media.api-sports.io/flags/gb.svg,2018,Regular Season - 11,42,Arsenal,https://media.api-sports.io/football/teams/42.png,,40,Liverpool,https://media.api-sports.io/football/teams/40.png,,1,1,0,0,1,1,,,,
166,"Paul Tierney, England",UTC,2018-11-03T12:30:00+00:00,1541248200,1541248200,1541251800,,Vitality Stadium,Bournemouth,Match Finished,FT,90,39,Premier League,England,https://media.api-sports.io/football/leagues/39.png,https://media.api-sports.io/flags/gb.svg,2018,Regular Season - 11,35,Bournemouth,https://media.api-sports.io/football/teams/35.png,0,33,Manchester United,https://media.api-sports.io/football/teams/33.png,1,1,2,1,1,1,2,,,,
