PID,Name,upc
1591,Reston 34 Gray,758253065498    
1592,Reston 34 Gray,758253065504    
1593,Reston 34 Gray,758253065511    
1594,Reston 35 Blue,758253065528    
1595,Reston 35 Blue,758253065535    
1596,Reston 35 Blue,758253065580    
1597,Reston 35 Blue,758253065849    
1598,Reston 35 Gray,758253066150    
1599,Reston 35 Gray,758253066259    
1600,Reston 35 Gray,758253066266    
1601,Reston 35 Gray,758253066273    
1602,Reston 35 Teal,758253066280    
1603,Reston 35 Teal,758253066303    
1604,Reston 35 Teal,758253066310    
1605,Reston 35 Teal,758253066327    
1606,Reston 36 Gray,758253066334    
1607,Reston 36 Gray,758253066341    
1608,Reston 36 Gray,758253066358    
1609,Reston 36 Gray,758253066365    
1610,Taylor 11 Blue,758253066372    
1611,Taylor 11 Blue,758253066389    
1612,Taylor 11 Blue,758253066396    
1613,Taylor 11 Blue,758253066402    
1614,Taylor 11 Brown,758253066419    
1615,Taylor 11 Brown,758253066426    
1616,Taylor 11 Brown,758253066433    
1617,Taylor 11 Brown,758253066440    
1618,Taylor 11 Gray,758253066457    
1619,Taylor 11 Gray,758253066464    
1620,Taylor 11 Gray,758253066471    
1621,Taylor 11 Gray,758253066488    
1622,Taylor 11 Night,758253066495    
1623,Taylor 11 Night,758253066501    
1624,Taylor 11 Night,758253066518    
1625,Taylor 11 Night,758253066525    
1626,Taylor 12 Blue,758253066532    
1627,Taylor 12 Blue,758253066549    
1628,Taylor 12 Blue,758253066556    
1629,Taylor 12 Blue,758253066563    
1630,Taylor 12 Brown,758253066570    
1631,Taylor 12 Brown,758253066587    
1632,Taylor 12 Brown,758253066594    
1633,Taylor 12 Brown,758253066617    
1634,Taylor 12 Dove,758253066624    
1635,Taylor 12 Dove,758253066631    
1636,Taylor 12 Dove,758253066648    
1637,Taylor 12 Dove,758253066655    
1638,Taylor 13 Brown,758253066662    
1639,Taylor 13 Brown,758253066679    
1640,Taylor 13 Brown,758253066686    
1641,Taylor 13 Brown,758253066693    
1642,Taylor 14 Blue,758253066709    
1643,Taylor 14 Blue,758253066716    
1644,Taylor 14 Blue,758253066723    
1645,Taylor 14 Blue,758253066730    
1646,Taylor 14 Gray,758253066747    
1647,Taylor 14 Gray,758253066754    
1648,Taylor 14 Gray,758253066761    
1649,Taylor 14 Gray,758253066785    
1650,Taylor 15 Night,758253066792    
1651,Taylor 15 Night,758253066808    
1652,Taylor 15 Night,758253066815    
1653,Taylor 15 Night,758253066822    
1654,Taylor 16 Blue,758253066839    
1655,Taylor 16 Blue,758253066846    
1656,Taylor 16 Blue,758253066853    
1657,Taylor 16 Blue,758253066860    
1658,Taylor 16 Night,758253066877    
1659,Taylor 16 Night,758253066884    
1660,Taylor 16 Night,758253066891    
1661,Taylor 16 Night,758253066907    
1662,Taylor 17 Blue,758253066914    
1663,Taylor 17 Blue,758253066921    
1664,Taylor 17 Blue,758253066938    
1665,Taylor 17 Blue,758253067058    
1666,Taylor 17 Clover,758253067119    
1667,Taylor 17 Clover,758253072281    
1668,Taylor 17 Clover,758253072328    
1669,Taylor 17 Clover,758253072366    
1670,Taylor 17 Pewter,758253072380    
1671,Taylor 17 Pewter,758253072427    
1672,Taylor 17 Pewter,758253072434    
1673,Taylor 17 Pewter,758253072458    
1674,Taylor 17 Sand,758253072489    
1675,Taylor 17 Sand,758253072502    
1676,Taylor 17 Sand,758253072533    
1677,Taylor 17 Sand,758253072557    
1678,Wellington 31 Brown,758253073998    
1679,Wellington 31 Brown,758253074001    
1680,Wellington 31 Brown,758253074018    
1681,Wellington 31 Brown,758253074025    
1682,Wellington 32 Brown,758253074032    
1683,Wellington 32 Brown,758253074049    
1684,Wellington 32 Brown,758253074056    
1685,Wellington 32 Brown,758253074063    
1686,Wellington 32 Gray,758253074070    
1687,Wellington 32 Gray,758253074087    
1688,Wellington 32 Gray,758253074094    
1689,Wellington 32 Gray,758253074100    
1690,Wellington 32 Navy,758253074117    
1691,Wellington 32 Navy,758253074124    
1692,Wellington 32 Navy,758253074131    
1693,Wellington 32 Navy,758253074148    
1694,Wellington 33 Brown,758253074155    
1695,Wellington 33 Brown,758253074162    
1696,Wellington 33 Brown,758253074179    
1697,Wellington 33 Brown,758253074186    
1698,Wellington 34 Brown,758253074193    
1699,Wellington 34 Brown,758253074209    
1700,Wellington 34 Brown,758253074216    
1701,Wellington 34 Brown,758253074223    
1702,Wellington 35 Blue,758253074230    
1703,Wellington 35 Blue,758253074247    
1704,Wellington 35 Blue,758253074254    
1705,Wellington 35 Blue,758253074261    
1706,Wellington 36 Russet,758253074278    
1707,Wellington 36 Russet,758253074285    
1708,Wellington 36 Russet,758253074292    
1709,Wellington 36 Russet,758253074308    
1710,Wellington 37 Blue,758253074315    
1711,Wellington 37 Blue,758253074322    
1712,Wellington 37 Blue,758253074339    
1713,Wellington 37 Blue,758253074346    
1714,Wellington 37 Brown,758253074353    
1715,Wellington 37 Brown,758253074360    
1716,Wellington 37 Brown,758253074377    
1717,Wellington 37 Brown,758253074384    
1718,Wellington 37 Midnight,758253074391    
1719,Wellington 37 Midnight,758253074407    
1720,Wellington 37 Midnight,758253074414    
1721,Wellington 37 Midnight,758253074421    
1722,Wellington 38 Navy,758253074438    
1723,Wellington 38 Navy,758253074445    
1724,Wellington 38 Navy,758253074452    
1725,Wellington 38 Navy,758253074469    
1726,Wellington 38 Pewter,758253074476    
1727,Wellington 38 Pewter,758253074483    
1728,Wellington 38 Pewter,758253074490    
1729,Wellington 38 Pewter,758253074506    
1730,Wellington 39 Beige,758253074513    
1731,Wellington 39 Beige,758253074520    
1732,Wellington 39 Beige,758253074537    
1733,Wellington 39 Beige,758253074544    
1734,Wellington 39 Blue,758253074551    
1735,Wellington 39 Blue,758253074568    
1736,Wellington 39 Blue,758253074575    
1737,Wellington 39 Blue,758253074582    
1738,Wellington 39 Midnight,758253074599    
1739,Wellington 39 Midnight,758253074605    
1740,Wellington 39 Midnight,758253074612    
1741,Wellington 39 Midnight,758253074629    
1742,Wellington 40 Brown,758253074636    
1743,Wellington 40 Brown,758253074643    
1744,Wellington 40 Brown,758253074650    
1745,Wellington 40 Brown,758253074667    
1746,Wellington 41 Brown,758253074674    
1747,Wellington 41 Brown,758253074681    
1748,Wellington 41 Brown,758253074698    
1749,Wellington 41 Brown,758253074704    
1750,Zenith 10 Blue,758253074711    
1751,Zenith 10 Blue,758253074728    
1752,Zenith 10 Blue,758253074735    
1753,Zenith 10 Blue,758253074742    
1754,Zenith 10 Brown,758253074759    
1755,Zenith 10 Brown,758253074766    
1756,Zenith 10 Brown,758253074773    
1757,Zenith 10 Brown,758253074780    
1758,Zenith 10 Silver,758253074797    
1759,Zenith 10 Silver,758253074803    
1760,Zenith 10 Silver,758253074810    
1761,Zenith 10 Silver,758253074827    
1762,Zenith 11 Brown,758253074841    
1763,Zenith 11 Brown,758253074902    
1764,Zenith 11 Brown,758253074919    
1765,Zenith 11 Brown,758253074926    
1766,Zenith 11 Gray,758253074933    
1767,Zenith 11 Gray,758253074940    
1768,Zenith 11 Gray,758253074957    
1769,Zenith 11 Gray,758253074964    
1770,Zenith 12 Brown,758253074971    
1771,Zenith 12 Brown,758253074988    
1772,Zenith 12 Brown,758253074995    
1773,Zenith 12 Brown,758253075008    
1774,Zenith 12 Night,758253075015    
1775,Zenith 12 Night,758253075022    
1776,Zenith 12 Night,758253075039    
1777,Zenith 12 Night,758253075046    
1778,Zenith 13 Oyster,758253075053    
1779,Zenith 13 Oyster,758253075060    
1780,Zenith 13 Oyster,758253075077    
1781,Zenith 13 Oyster,758253075084    
1782,Zenith 14 Gray,758253075091    
1783,Zenith 14 Gray,758253075107    
1784,Zenith 14 Gray,758253075114    
1785,Zenith 14 Gray,758253075121    
1786,Zenith 14 Spice,758253075138    
1787,Zenith 14 Spice,758253075145    
1788,Zenith 14 Spice,758253075152    
1789,Zenith 14 Spice,758253075169    
1790,Zenith 15 Steel,758253075176    
1791,Zenith 15 Steel,758253075183    
1792,Zenith 15 Steel,758253075190    
1793,Zenith 15 Steel,758253075206    
1794,Zenith 16 Brown,758253075213    
1795,Zenith 16 Brown,758253075220    
1796,Zenith 16 Brown,758253075237    
1797,Zenith 16 Brown,758253075244    
1798,Zenith 16 Gray,758253075251    
1799,Zenith 16 Gray,758253075268    
1800,Zenith 16 Gray,758253075275    
1801,Zenith 16 Gray,758253075282    
1802,Zenith 17 Gray,758253075299    
1803,Zenith 17 Gray,758253075305    
1804,Zenith 17 Gray,758253075312    
1805,Zenith 17 Gray,758253075329    
1806,Zenith 17 Spice,758253075336    
1807,Zenith 17 Spice,758253075343    
1808,Zenith 17 Spice,758253075350    
1809,Zenith 17 Spice,758253075367    
1810,Zenith 18 Blue,758253075374    
1811,Zenith 18 Blue,758253075381    
1812,Zenith 18 Blue,758253075398    
1813,Zenith 18 Blue,758253075404    
1814,Zenith 18 Brown,758253075411    
1815,Zenith 18 Brown,758253075428    
1816,Zenith 18 Brown,758253075435    
1817,Zenith 18 Brown,758253075442    
1818,Zenith 19 Olive,758253075459    
1819,Zenith 19 Olive,758253075466    
1820,Zenith 19 Olive,758253075473    
1821,Zenith 19 Olive,758253075480    
1822,Zenith 21 Gray,758253075497    
1823,Zenith 21 Gray,758253075503    
1824,Zenith 21 Gray,758253075510    
1825,Zenith 21 Gray,758253075527    
1826,Zenith 21 Night,758253075534    
1827,Zenith 21 Night,758253075541    
1828,Zenith 21 Night,758253075558    
1829,Zenith 21 Night,758253075565    
1830,Denver 31 Blue,758253147958    
1831,Denver 31 Blue,758253147965    
1832,Denver 31 Grey,758253147972    
1833,Denver 31 Grey,758253147989    
1834,Elyria 31 Blue,758253147996    
1835,Elyria 31 Blue,758253148009    
1836,Elyria 31 Grey,758253148016    
1837,Elyria 31 Grey,758253148023    
1838,Elyria 33 Grey,758253148030    
1839,Elyria 33 Grey,758253148047    
1840,Elyria 34 Grey,758253148054    
1841,Elyria 34 Grey,758253148061    
1842,Denver 31 Beige,758253148078    
1843,Denver 31 Beige,758253148085    
1844,Denver 31 Blue,758253148092    
1845,Denver 31 Brown,758253148108    
1846,Denver 31 Brown,758253148115    
1847,Denver 31 Grey,758253148122    
1848,Denver 31 Multi,758253148139    
1849,Denver 31 Multi,758253148146    
1850,Denver 31 Spice,758253148153    
1851,Denver 31 Spice,758253148160    
1852,Denver 31 Steel,758253148252    
1853,Denver 31 Steel,758253148528    
1854,Elyria 31 Blue,758253148542    
1855,Elyria 31 Brown,758253148559    
1856,Elyria 31 Brown,758253148566    
1857,Elyria 31 Green,758253148573    
1858,Elyria 31 Green,758253148580    
1859,Elyria 31 Grey,758253148597    
1860,Elyria 33 Brown,758253148610    
1861,Elyria 33 Brown,758253148627    
1862,Elyria 33 Grey,758253148634    
1863,Elyria 34 Grey,758253148641    
1864,Elyria 34 Spice,758253148658    
1865,Elyria 34 Spice,758253148665    
1866,Heritage 32 Blue,758253148672    
1867,Denver 31 Beige,758253148689    
1868,Denver 31 Brown,758253148696    
1869,Denver 31 Canyon,758253148719    
1870,Denver 31 Canyon,758253148726    
1871,Denver 31 Multi,758253148733    
1872,Denver 31 Spice,758253148740    
1873,Denver 31 Steel,758253148757    
1874,Ellis 31 Blue,758253148764    
1875,Ellis 31 Blue,758253148771    
1876,Ellis 31 Grey,758253148788    
1877,Ellis 31 Grey,758253148795    
1878,Ellis 32 Blue,758253148801    
1879,Ellis 32 Blue,758253148818    
1880,Ellis 32 Grey,758253148825    
1881,Ellis 32 Grey,758253148832    
1882,Ellis 33 Grey,758253148849    
1883,Ellis 33 Grey,758253148856    
1884,Ellis 34 Grey,758253148863    
1885,Ellis 34 Grey,758253148870    
1886,Ellis 35 Grey,758253148887    
1887,Ellis 35 Grey,758253148894    
1888,Ellis 36 Blue,758253148900    
1889,Ellis 36 Blue,758253148917    
1890,Ellis 37 Grey,758253148924    
1891,Ellis 37 Grey,758253148931    
1892,Ellis 38 Blue,758253148948    
1893,Ellis 38 Blue,758253148955    
1894,Ellis 38 Grey,758253148962    
1895,Ellis 38 Grey,758253148979    
1896,Ellis 39 Blue,758253148986    
1897,Ellis 39 Blue,758253148993    
1898,Ellis 39 Grey,758253149006    
1899,Ellis 39 Grey,758253149013    
1900,Ellis 40 Grey,758253149020    
1901,Ellis 40 Grey,758253149037    
1902,Elyria 31 Brown,758253149044    
1903,Elyria 31 Green,758253149051    
1904,Elyria 33 Brown,758253149068    
1905,Elyria 34 Purple,758253149075    
1906,Elyria 34 Purple,758253149082    
1907,Elyria 34 Spice,758253149099    
1908,Heritage 31 Spice,758253149105    
1909,Heritage 32 Blue,758253149129    
1910,Heritage 32 Brown,758253149136    
1911,Heritage 32 Linen,758253149150    
1912,Heritage 33 Brown,758253149167    
1913,Heritage 33 Linen,758253149174    
1914,Heritage 33 Spice,758253149181    
1915,Heritage 34 Linen,758253149198    
1916,Heritage 34 Night,758253149204    
1917,Sublime 31 Blue,758253149549    
1918,Sublime 31 Grey,758253149556    
1919,Denver 31 Blue,758253149563    
1920,Denver 31 Canyon,758253149570    
1921,Denver 31 Grey,758253149587    
1922,Denver 31 Peacock,758253149594    
1923,Denver 31 Peacock,758253149600    
1924,Ellis 31 Blue,758253149617    
1925,Ellis 31 Grey,758253149624    
1926,Ellis 32 Blue,758253149631    
1927,Ellis 32 Grey,758253149648    
1928,Ellis 33 Grey,758253149655    
1929,Ellis 34 Grey,758253149662    
1930,Ellis 35 Grey,758253149679    
1931,Ellis 36 Blue,758253149686    
1932,Ellis 37 Grey,758253149693    
1933,Ellis 38 Blue,758253149709    
1934,Ellis 38 Grey,758253149716    
1935,Ellis 39 Blue,758253149723    
1936,Ellis 39 Grey,758253149730    
1937,Ellis 40 Grey,758253149747    
1938,Elyria 31 Blue,758253149754    
1939,Elyria 31 Grey,758253149761    
1940,Elyria 33 Grey,758253149778    
1941,Elyria 34 Grey,758253149785    
1942,Elyria 34 Purple,758253149792    
1943,Heritage 31 Spice,758253149808    
1944,Heritage 32 Brown,758253149815    
1945,Heritage 32 Linen,758253149822    
1946,Heritage 33 Brown,758253149839    
1947,Heritage 33 Linen,758253149846    
1948,Heritage 33 Spice,758253149853    
1949,Heritage 34 Linen,758253149860    
1950,Heritage 34 Night,758253149877    
1951,Sublime 31 Beige,758253149884    
1952,Sublime 31 Brown,758253149891    
1953,Sublime 31 Spice,758253149907    
1954,Denver 31 Beige,758253149914    
1955,Denver 31 Brown,758253149921    
1956,Denver 31 Multi,758253149938    
1957,Denver 31 Peacock,758253149945    
1958,Denver 31 Spice,758253149952    
1959,Denver 31 Steel,758253149969    
1960,Ellis 31 Blue,758253149976    
1961,Ellis 31 Grey,758253149983    
1962,Ellis 32 Blue,758253149990    
1963,Ellis 32 Grey,758253150002    
1964,Ellis 33 Grey,758253150019    
1965,Ellis 34 Grey,758253150026    
1966,Ellis 35 Grey,758253150033    
1967,Ellis 36 Blue,758253150040    
1968,Ellis 37 Grey,758253150057    
1969,Ellis 38 Blue,758253150064    
1970,Ellis 38 Grey,758253150071    
1971,Ellis 39 Blue,758253150088    
1972,Ellis 39 Grey,758253150095    
1973,Ellis 40 Grey,758253150101    
1974,Elyria 31 Brown,758253150118    
1975,Elyria 31 Green,758253150125    
1976,Elyria 32 Mushroom,758253150132    
1977,Elyria 32 Mushroom,758253150149    
1978,Elyria 33 Brown,758253150156    
1979,Elyria 33 Mushroom,758253150163    
1980,Elyria 33 Mushroom,758253150170    
1981,Elyria 34 Mushroom,758253150194    
1982,Elyria 34 Mushroom,758253150200    
1983,Elyria 34 Spice,758253150217    
1984,Sublime 31 Blue,758253150224    
1985,Sublime 31 Citrus,758253150231    
1986,Sublime 31 Grey,758253150248    
1987,Denver 31 Canyon,758253150255    
1988,Elyria 32 Mushroom,758253150262    
1989,Elyria 32 Turquoise,758253150279    
1990,Elyria 32 Turquoise,758253150286    
1991,Elyria 33 Mushroom,758253150293    
1992,Elyria 34 Mushroom,758253150309    
1993,Elyria 34 Purple,758253150316    
1994,Elyria 34 Turquoise,758253150323    
1995,Elyria 34 Turquoise,758253150330    
1996,Heritage 32 Blue,758253150347    
1997,Sublime 31 Beige,758253150354    
1998,Sublime 31 Brown,758253150361    
1999,Sublime 31 Peacock,758253150378    
2000,Sublime 31 Spice,758253150385    
2001,Denver 31 Peacock,758253150392    
2002,Elyria 32 Turquoise,758253150408    
2003,Elyria 34 Turquoise,758253150415    
2004,Heritage 31 Spice,758253150422    
2005,Heritage 32 Blue,758253150439    
2006,Heritage 32 Brown,758253150446    
2007,Heritage 32 Linen,758253150453    
2008,Heritage 33 Brown,758253150460    
2009,Heritage 33 Linen,758253150477    
2010,Heritage 33 Spice,758253150484    
2011,Heritage 34 Linen,758253150491    
2012,Heritage 34 Night,758253150507    
2013,Sublime 31 Citrus,758253150514    
2014,Sublime 31 Mushroom,758253150521    
2015,Elyria 32 Mushroom,758253150538    
2016,Elyria 33 Mushroom,758253150545    
2017,Elyria 34 Mushroom,758253150552    
2018,Heritage 31 Spice,758253150569    
2019,Heritage 32 Brown,758253150576    
2020,Heritage 32 Linen,758253150583    
2021,Heritage 33 Brown,758253150590    
2022,Heritage 33 Linen,758253150606    
2023,Heritage 33 Spice,758253150613    
2024,Heritage 34 Linen,758253150620    
2025,Heritage 34 Night,758253150637    
2026,Sublime 31 Peacock,758253150644    
2027,Distinctive 31 Blue,758253150651    
2028,Distinctive 32 Blue,758253150668    
2029,Distinctive 33 Blue,758253150675    
2030,Distinctive 34 Blue,758253150682    
2031,Distinctive 34 Grey,758253150699    
2032,Distinctive 35 Blue,758253150705    
2033,Distinctive 36 Blue,758253150712    
2034,Distinctive 38 Blue,758253150729    
2035,Distinctive 39 Blue,758253150736    
2036,Distinctive 41 Blue,758253150743    
2037,Elyria 32 Turquoise,758253150750    
2038,Elyria 34 Turquoise,758253150767    
2039,Sublime 31 Mushroom,758253150774    
2040,Distinctive 31 Blue,758253150781    
2041,Distinctive 32 Blue,758253150798    
2042,Distinctive 32 Pearl,758253150804    
2043,Distinctive 33 Blue,758253150811    
2044,Distinctive 34 Blue,758253150828    
2045,Distinctive 34 Grey,758253150842    
2046,Distinctive 34 Pearl,758253150859    
2047,Distinctive 35 Blue,758253150866    
2048,Distinctive 35 Pearl,758253150873    
2049,Distinctive 36 Blue,758253150880    
2050,Distinctive 37 Night,758253150897    
2051,Distinctive 38 Blue,758253150903    
2052,Distinctive 38 Night,758253150910    
2053,Distinctive 38 Pearl,758253150927    
2054,Distinctive 39 Blue,758253150934    
2055,Distinctive 40 Multi,758253150941    
2056,Distinctive 41 Blue,758253150958    
2057,Distinctive 31 Blue,758253150965    
2058,Distinctive 32 Blue,758253150972    
2059,Distinctive 32 Pearl,758253150989    
2060,Distinctive 33 Blue,758253150996    
2061,Distinctive 34 Blue,758253151009    
2062,Distinctive 34 Grey,758253151016    
2063,Distinctive 34 Pearl,758253151023    
2064,Distinctive 35 Blue,758253151030    
2065,Distinctive 35 Pearl,758253151047    
2066,Distinctive 36 Blue,758253151054    
2067,Distinctive 37 Night,758253151061    
2068,Distinctive 38 Blue,758253151078    
2069,Distinctive 38 Night,758253151085    
2070,Distinctive 38 Pearl,758253151092    
2071,Distinctive 39 Blue,758253151108    
2072,Distinctive 40 Multi,758253151115    
2073,Distinctive 41 Blue,758253151122    
2074,Distinctive 35 Silver,758253151139    
2075,Distinctive 41 Silver,758253151146    
2076,Distinctive 32 Pearl,758253151153    
2077,Distinctive 34 Pearl,758253151160    
2078,Distinctive 35 Pearl,758253151177    
2079,Distinctive 35 Silver,758253151184    
2080,Distinctive 37 Night,758253151191    
2081,Distinctive 38 Night,758253151207    
2082,Distinctive 38 Pearl,758253151214    
2083,Distinctive 40 Multi,758253151221    
2084,Distinctive 41 Silver,758253151238    
2085,Distinctive 35 Silver,758253151245    
2086,Distinctive 36 Charcoal,758253151252    
2087,Distinctive 41 Silver,758253151269    
2088,Distinctive 36 Charcoal,758253151276    
2089,Distinctive 36 Charcoal,758253151283    
2090,Plano 37 Blue,758253858502    
2091,Plano 37 Blue,758253858519    
2092,Plano 37 Blue,758253858526    
2093,Plano 37 Blue,758253858533    
2094,Plano 38 Blue,758253858540    
2095,Plano 38 Blue,758253858557    
2096,Plano 38 Blue,758253858564    
2097,Plano 38 Blue,758253858571    
2098,Plano 38 Brown,758253858588    
2099,Plano 38 Brown,758253858595    
2100,Plano 38 Brown,758253858601    
2101,Plano 38 Brown,758253858618    
2102,Plano 39 Canyon,758253858625    
2103,Plano 39 Canyon,758253858632    
2104,Plano 39 Canyon,758253858649    
2105,Plano 39 Canyon,758253858656    
2106,Plano 39 Blue,758253858663    
2107,Plano 39 Blue,758253858670    
2108,Plano 39 Blue,758253858687    
2109,Plano 39 Blue,758253858694    
2110,Plano 40 Blue,758253858700    
2111,Plano 40 Blue,758253858717    
2112,Plano 40 Blue,758253858724    
2113,Plano 40 Blue,758253858731    
2114,Plano 41 Blue,758253858748    
2115,Plano 41 Blue,758253858755    
2116,Plano 41 Blue,758253858762    
2117,Plano 41 Blue,758253858779    
2118,Plano 41 Grey,758253858786    
2119,Plano 41 Grey,758253858793    
2120,Plano 41 Grey,758253858809    
2121,Plano 41 Grey,758253858816    
2122,Plano 42 Earth,758253858823    
2123,Plano 42 Earth,758253858830    
2124,Plano 42 Earth,758253858847    
2125,Plano 42 Earth,758253858854    
2126,Plano 31 Grey,758253858861    
2127,Plano 31 Grey,758253858878    
2128,Plano 31 Grey,758253858885    
2129,Plano 31 Grey,758253858892    
2130,Plano 31 Canyon,758253858908    
2131,Plano 31 Canyon,758253858915    
2132,Plano 31 Canyon,758253858922    
2133,Plano 31 Canyon,758253858939    
2134,Plano 32 Wheat,758253858946    
2135,Plano 32 Wheat,758253858953    
2136,Plano 32 Wheat,758253858960    
2137,Plano 32 Wheat,758253858977    
2138,Plano 33 Blue,758253858984    
2139,Plano 33 Blue,758253858991    
2140,Plano 33 Blue,758253859004    
2141,Plano 33 Blue,758253859011    
2142,Plano 34 Grey,758253859028    
2143,Plano 34 Grey,758253859035    
2144,Plano 34 Grey,758253859042    
2145,Plano 34 Grey,758253859059    
2146,Plano 35 Grey,758253859066    
2147,Plano 35 Grey,758253859073    
2148,Plano 35 Grey,758253859080    
2149,Plano 35 Grey,758253859097    
2150,Plano 35 Brown,758253859103    
2151,Plano 35 Brown,758253859110    
2152,Plano 35 Brown,758253859127    
2153,Plano 35 Brown,758253859134    
2154,Plano 35 Earth,758253859141    
2155,Plano 35 Earth,758253859158    
2156,Plano 35 Earth,758253859165    
2157,Plano 35 Earth,758253859172    
2158,Plano 36 Blue,758253859189    
2159,Plano 36 Blue,758253859196    
2160,Plano 36 Blue,758253859202    
2161,Plano 36 Blue,758253859219    
2162,Castille 39 Ash,758253859226    
2163,Castille 39 Ash,758253859233    
2164,Castille 39 Ash,758253859240    
2165,Castille 39 Ash,758253859257    
2166,Castille 38 Multi,758253859264    
2167,Castille 38 Multi,758253859271    
2168,Castille 38 Multi,758253859288    
2169,Castille 38 Multi,758253859295    
2170,Castille 37 Steel,758253859301    
2171,Castille 37 Steel,758253859318    
2172,Castille 37 Steel,758253859325    
2173,Castille 37 Steel,758253859332    
2174,Castille 37 Ash,758253859349    
2175,Castille 37 Ash,758253859356    
2176,Castille 37 Ash,758253859363    
2177,Castille 37 Ash,758253859370    
2178,Castille 37 Taffy,758253859387    
2179,Castille 37 Taffy,758253859394    
2180,Castille 37 Taffy,758253859400    
2181,Castille 37 Taffy,758253859417    
2182,Castille 37 Citrus,758253859424    
2183,Castille 37 Citrus,758253859431    
2184,Castille 37 Citrus,758253859448    
2185,Castille 37 Citrus,758253859455    
2186,Castille 37 Peacock,758253859462    
2187,Castille 37 Peacock,758253859479    
2188,Castille 37 Peacock,758253859486    
2189,Castille 37 Peacock,758253859493    
2190,Castille 36 Steel,758253859509    
2191,Castille 36 Steel,758253859516    
2192,Castille 36 Steel,758253859523    
2193,Castille 36 Steel,758253859530    
2194,Castille 36 Multi,758253859547    
2195,Castille 36 Multi,758253859554    
2196,Castille 36 Multi,758253859561    
2197,Castille 36 Multi,758253859578    
2198,Sahara 31 GREY,758253859585    
2199,Sahara 31 GREY,758253859592    
2200,Sahara 31 GREY,758253859608    
2201,Sahara 31 GREY,758253859615    
2202,Sahara 31 RAISIN,758253859622    
2203,Sahara 31 RAISIN,758253859639    
2204,Sahara 31 RAISIN,758253859646    
2205,Sahara 31 RAISIN,758253859653    
2206,Sahara 31 BROWN,758253859660    
2207,Sahara 31 BROWN,758253859677    
2208,Sahara 31 BROWN,758253859684    
2209,Sahara 31 BROWN,758253859691    
2210,Sahara 31 SPICE,758253859707    
2211,Sahara 31 SPICE,758253859714    
2212,Sahara 31 SPICE,758253859721    
2213,Sahara 31 SPICE,758253859738    
2214,Sahara 31 WINE,758253859745    
2215,Sahara 31 WINE,758253859752    
2216,Sahara 31 WINE,758253859769    
2217,Sahara 31 WINE,758253859776    
2218,Sahara 31 CHARCOAL,758253859783    
2219,Sahara 31 CHARCOAL,758253859790    
2220,Sahara 31 CHARCOAL,758253859806    
2221,Sahara 31 CHARCOAL,758253859813    
2222,Sahara 31 PEACOCK,758253859868    
2223,Sahara 31 PEACOCK,758253859875    
2224,Sahara 31 PEACOCK,758253859882    
2225,Sahara 31 PEACOCK,758253859899    
2226,Sommer 31 Brown,758253859905    
2227,Sommer 31 Brown,758253859912    
2228,Sommer 31 Brown,758253859929    
2229,Sommer 31 Brown,758253859936    
2230,Sommer 31 Gilded,758253859943    
2231,Sommer 31 Gilded,758253859950    
2232,Sommer 31 Gilded,758253859967    
2233,Sommer 31 Gilded,758253859974    
2234,Sommer 31 Pewter,758253859981    
2235,Sommer 31 Pewter,758253859998    
2236,Sommer 31 Pewter,758253860000    
2237,Sommer 31 Pewter,758253860017    
2238,Sommer 31 Green,758253860024    
2239,Sommer 31 Green,758253860031    
2240,Sommer 31 Green,758253860048    
2241,Sommer 31 Green,758253860055    
2242,Sommer 31 Spice,758253860062    
2243,Sommer 31 Spice,758253860079    
2244,Sommer 31 Spice,758253860086    
2245,Sommer 31 Spice,758253860093    
2246,Sommer 31 Amethyst,758253860109    
2247,Sommer 31 Amethyst,758253860116    
2248,Sommer 31 Amethyst,758253860123    
2249,Sommer 31 Amethyst,758253860130    
2250,Sommer 31 Ruby,758253860147    
2251,Sommer 31 Ruby,758253860154    
2252,Sommer 31 Ruby,758253860161    
2253,Sommer 31 Ruby,758253860178    
2254,Sommer 31 Turquoise,758253860185    
2255,Sommer 31 Turquoise,758253860192    
2256,Sommer 31 Turquoise,758253860208    
2257,Sommer 31 Turquoise,758253860215    
2258,Sommer 31 Mushroom,758253860222    
2259,Sommer 31 Mushroom,758253860239    
2260,Sommer 31 Mushroom,758253860246    
2261,Sommer 31 Mushroom,758253860253    
2262,Sommer 31 Peacock,758253860260    
2263,Sommer 31 Peacock,758253860277    
2264,Sommer 31 Peacock,758253860284    
2265,Sommer 31 Peacock,758253860291    
2266,Eastman 31 Green,758253860307    
2267,Eastman 31 Green,758253860314    
2268,Eastman 31 Green,758253860321    
2269,Eastman 31 Green,758253860338    
2270,Eastman 31 Steel,758253860345    
2271,Eastman 31 Steel,758253860352    
2272,Eastman 31 Steel,758253860369    
2273,Eastman 31 Steel,758253860376    
2274,Eastman 31 Sky,758253860383    
2275,Eastman 31 Sky,758253860390    
2276,Eastman 31 Sky,758253860406    
2277,Eastman 31 Sky,758253860413    
2278,Eastman 31 Taupe,758253860420    
2279,Eastman 31 Taupe,758253860437    
2280,Eastman 31 Taupe,758253860444    
2281,Eastman 31 Taupe,758253860451    
2282,Eastman 31 Earth,758253860468    
2283,Eastman 31 Earth,758253860475    
2284,Eastman 31 Earth,758253860482    
2285,Eastman 31 Earth,758253860499    
2286,Eastman 31 Grey,758253860505    
2287,Eastman 31 Grey,758253860512    
2288,Eastman 31 Grey,758253860529    
2289,Eastman 31 Grey,758253860536    
2290,Eastman 31 River,758253860543    
2291,Eastman 31 River,758253860550    
2292,Eastman 31 River,758253860567    
2293,Eastman 31 River,758253860574    
2294,Eastman 31 Rust,758253860581    
2295,Eastman 31 Rust,758253860598    
2296,Eastman 31 Rust,758253860604    
2297,Eastman 31 Rust,758253860611    
2298,Eastman 31 Lime,758253860628    
2299,Eastman 31 Lime,758253860635    
2300,Eastman 31 Lime,758253860642    
2301,Eastman 31 Lime,758253860659    
2302,Eastman 31 Blue,758253860666    
2303,Eastman 31 Blue,758253860673    
2304,Eastman 31 Blue,758253860680    
2305,Eastman 31 Blue,758253860697    
2306,Eastman 31 Multi,758253860703    
2307,Eastman 31 Multi,758253860710    
2308,Eastman 31 Multi,758253860727    
2309,Eastman 31 Multi,758253860734    
2310,Eastman 31 Ocean,758253860741    
2311,Eastman 31 Ocean,758253860758    
2312,Eastman 31 Ocean,758253860765    
2313,Eastman 31 Ocean,758253860772    
2314,Eastman 31 Paprika,758253860789    
2315,Eastman 31 Paprika,758253860796    
2316,Eastman 31 Paprika,758253860802    
2317,Eastman 31 Paprika,758253860819    
2318,Eastman 31 Peacock,758253860826    
2319,Eastman 31 Peacock,758253860833    
2320,Eastman 31 Peacock,758253860840    
2321,Eastman 31 Peacock,758253860857    
2322,Tobin 32 Multi,758253860901    
2323,Tobin 32 Multi,758253860918    
2324,Tobin 32 Multi,758253860925    
2325,Tobin 32 Multi,758253860932    
2326,Tobin 33 Brown,758253860949    
2327,Tobin 33 Brown,758253860956    
2328,Tobin 33 Brown,758253860963    
2329,Tobin 33 Brown,758253860970    
2330,Tobin 31 Multi,758253860987    
2331,Tobin 31 Multi,758253860994    
2332,Tobin 31 Multi,758253861007    
2333,Tobin 31 Multi,758253861014    
2334,Tobin 35 Ivory,758253861021    
2335,Tobin 35 Ivory,758253861038    
2336,Tobin 35 Ivory,758253861045    
2337,Tobin 35 Ivory,758253861052    
2338,Tobin 36 Blue,758253861069    
2339,Tobin 36 Blue,758253861076    
2340,Tobin 36 Blue,758253861083    
2341,Tobin 36 Blue,758253861090    
2342,Tobin 36 Rust,758253861106    
2343,Tobin 36 Rust,758253861113    
2344,Tobin 36 Rust,758253861120    
2345,Tobin 36 Rust,758253861137    
2346,Tobin 42 Blue,758253861144    
2347,Tobin 42 Blue,758253861151    
2348,Tobin 42 Blue,758253861168    
2349,Tobin 42 Blue,758253861175    
2350,Tobin 42 Brown,758253861182    
2351,Tobin 42 Brown,758253861199    
2352,Tobin 42 Brown,758253861205    
2353,Tobin 42 Brown,758253861212    
2354,Tobin 38 Rust,758253861229    
2355,Tobin 38 Rust,758253861236    
2356,Tobin 38 Rust,758253861243    
2357,Tobin 38 Rust,758253861250    
2358,Tobin 38 Ivory,758253861267    
2359,Tobin 38 Ivory,758253861274    
2360,Tobin 38 Ivory,758253861281    
2361,Tobin 38 Ivory,758253861298    
2362,Tobin 39 Blue,758253861304    
2363,Tobin 39 Blue,758253861311    
2364,Tobin 39 Blue,758253861328    
2365,Tobin 39 Blue,758253861335    
2366,Tobin 39 Rust,758253861342    
2367,Tobin 39 Rust,758253861359    
2368,Tobin 39 Rust,758253861366    
2369,Tobin 39 Rust,758253861373    
2370,Tobin 40 Multi,758253861380    
2371,Tobin 40 Multi,758253861397    
2372,Tobin 40 Multi,758253861403    
2373,Tobin 40 Multi,758253861410    
2374,Tobin 41 Blue,758253861427    
2375,Tobin 41 Blue,758253861434    
2376,Tobin 41 Blue,758253861441    
2377,Tobin 41 Blue,758253861458    
2378,Tobin 37 Rust,758253861465    
2379,Tobin 37 Rust,758253861472    
2380,Tobin 37 Rust,758253861489    
2381,Tobin 37 Rust,758253861496    
2382,Tobin 37 Gray,758253861502    
2383,Tobin 37 Gray,758253861519    
2384,Tobin 37 Gray,758253861526    
2385,Tobin 37 Gray,758253861533    
2386,Tobin 43 Blue,758253861540    
2387,Tobin 43 Blue,758253861557    
2388,Tobin 43 Blue,758253861564    
2389,Tobin 43 Blue,758253861571    
2390,Lemans 35 Gray,758253861588    
2391,Lemans 35 Gray,758253861595    
2392,Lemans 35 Gray,758253861601    
2393,Lemans 35 Gray,758253861618    
2394,Lemans 34 Gray,758253861625    
2395,Lemans 34 Gray,758253861632    
2396,Lemans 34 Gray,758253861649    
2397,Lemans 34 Gray,758253861656    
2398,Lemans 33 Taupe,758253861700    
2399,Lemans 33 Taupe,758253861717    
2400,Lemans 33 Taupe,758253861724    
2401,Lemans 33 Taupe,758253861731    
2402,Lemans 33 Yellow,758253861748    
2403,Lemans 33 Yellow,758253861755    
2404,Lemans 33 Yellow,758253861762    
2405,Lemans 33 Yellow,758253861779    
2406,Lemans 31 Gray,758253861823    
2407,Lemans 31 Gray,758253861830    
2408,Lemans 31 Gray,758253861847    
2409,Lemans 31 Gray,758253861854    
2410,Thurston 42 Spice,758253861861    
2411,Thurston 42 Spice,758253861878    
2412,Thurston 42 Spice,758253861885    
2413,Thurston 42 Spice,758253861892    
2414,Thurston 42 Blue,758253861908    
2415,Thurston 42 Blue,758253861915    
2416,Thurston 42 Blue,758253861922    
2417,Thurston 42 Blue,758253861939    
2418,Thurston 43 Blue,758253861946    
2419,Thurston 43 Blue,758253861953    
2420,Thurston 43 Blue,758253861960    
2421,Thurston 43 Blue,758253861977    
2422,Thurston 44 Taupe,758253861984    
2423,Thurston 44 Taupe,758253861991    
2424,Thurston 44 Taupe,758253862004    
2425,Thurston 44 Taupe,758253862011    
2426,Thurston 44 Blue,758253862028    
2427,Thurston 44 Blue,758253862035    
2428,Thurston 44 Blue,758253862042    
2429,Thurston 44 Blue,758253862059    
2430,Thurston 45 Blue,758253862066    
2431,Thurston 45 Blue,758253862073    
2432,Thurston 45 Blue,758253862080    
2433,Thurston 45 Blue,758253862097    
2434,Thurston 46 Brown,758253862103    
2435,Thurston 46 Brown,758253862110    
2436,Thurston 46 Brown,758253862127    
2437,Thurston 46 Brown,758253862134    
2438,Thurston 46 Ivory,758253862141    
2439,Thurston 46 Ivory,758253862158    
2440,Thurston 46 Ivory,758253862165    
2441,Thurston 46 Ivory,758253862172    
2442,Thurston 46 Blue,758253862189    
2443,Thurston 46 Blue,758253862196    
2444,Thurston 46 Blue,758253862202    
2445,Thurston 46 Blue,758253862219    
2446,Thurston 46 Steel,758253862226    
2447,Thurston 46 Steel,758253862233    
2448,Thurston 46 Steel,758253862240    
2449,Thurston 46 Steel,758253862257    
2450,Thurston 31 Spice,758253862264    
2451,Thurston 31 Spice,758253862271    
2452,Thurston 31 Spice,758253862288    
2453,Thurston 31 Spice,758253862295    
2454,Thurston 31 Blue,758253862301    
2455,Thurston 31 Blue,758253862318    
2456,Thurston 31 Blue,758253862325    
2457,Thurston 31 Blue,758253862332    
2458,Thurston 32 Brown,758253862349    
2459,Thurston 32 Brown,758253862356    
2460,Thurston 32 Brown,758253862363    
2461,Thurston 32 Brown,758253862370    
2462,Thurston 32 Peacock,758253862387    
2463,Thurston 32 Peacock,758253862394    
2464,Thurston 32 Peacock,758253862400    
2465,Thurston 32 Peacock,758253862417    
2466,Thurston 33 Ivory,758253862424    
2467,Thurston 33 Ivory,758253862431    
2468,Thurston 33 Ivory,758253862448    
2469,Thurston 33 Ivory,758253862455    
2470,Thurston 33 Blue,758253862462    
2471,Thurston 33 Blue,758253862479    
2472,Thurston 33 Blue,758253862486    
2473,Thurston 33 Blue,758253862493    
2474,Thurston 34 Grey,758253862509    
2475,Thurston 34 Grey,758253862516    
2476,Thurston 34 Grey,758253862523    
2477,Thurston 34 Grey,758253862530    
2478,Thurston 34 Spice,758253862547    
2479,Thurston 34 Spice,758253862554    
2480,Thurston 34 Spice,758253862561    
2481,Thurston 34 Spice,758253862578    
2482,Thurston 34 Blue,758253862585    
2483,Thurston 34 Blue,758253862615    
2484,Thurston 34 Mushroom,758253862622    
2485,Thurston 34 Mushroom,758253862639    
2486,Thurston 34 Mushroom,758253862646    
2487,Thurston 34 Mushroom,758253862653    
2488,Aurora 31 Brown,758253862660    
2489,Aurora 31 Brown,758253862677    
2490,Aurora 31 Brown,758253862684    
2491,Aurora 31 Brown,758253862691    
2492,Aurora 31 Pearl,758253862707    
2493,Aurora 31 Pearl,758253862714    
2494,Aurora 31 Pearl,758253862721    
2495,Aurora 31 Pearl,758253862738    
2496,Aurora 31 Night,758253862745    
2497,Aurora 31 Night,758253862752    
2498,Aurora 31 Night,758253862769    
2499,Aurora 31 Night,758253862776    
2500,Garrett 31 Brown,758253864022    
2501,Garrett 31 Brown,758253864046    
2502,Garrett 31 Brown,758253864053    
2503,Garrett 31 Pearl,758253864077    
2504,Garrett 31 Peacock,758253864190    
2505,Garrett 31 Peacock,758253864206    
2506,Garrett 31 Peacock,758253864213    
2507,Garrett 31 Grey,758253864220    
2508,Garrett 31 Grey,758253864237    
2509,Garrett 31 Grey,758253864244    
2510,Garrett 31 Grey,758253864251    
2511,Garrett 31 Earth,758253864268    
2512,Garrett 31 Earth,758253864275    
2513,Garrett 31 Earth,758253864282    
2514,Garrett 31 Earth,758253864299    
2515,Sheffield 39 Blue,758253864305    
2516,Sheffield 39 Blue,758253864312    
2517,Sheffield 39 Blue,758253864329    
2518,Sheffield 39 Blue,758253864336    
2519,Sheffield 41 Pearl,758253864343    
2520,Sheffield 41 Pearl,758253864350    
2521,Sheffield 41 Pearl,758253864367    
2522,Sheffield 41 Pearl,758253864374    
2523,Sheffield 41 Blue,758253864381    
2524,Sheffield 41 Blue,758253864398    
2525,Sheffield 41 Blue,758253864404    
2526,Sheffield 41 Blue,758253864411    
2527,Sheffield 31 Pearl,758253864428    
2528,Sheffield 31 Pearl,758253864435    
2529,Sheffield 31 Pearl,758253864442    
2530,Sheffield 31 Pearl,758253864459    
2531,Sheffield 32 Blue,758253864466    
2532,Sheffield 32 Blue,758253864473    
2533,Sheffield 32 Blue,758253864480    
2534,Sheffield 32 Blue,758253864497    
2535,Sheffield 32 Spice,758253864503    
2536,Sheffield 32 Spice,758253864510    
2537,Sheffield 32 Spice,758253864527    
2538,Sheffield 32 Spice,758253864534    
2539,Sheffield 32 Grey,758253864541    
2540,Sheffield 32 Grey,758253864558    
2541,Sheffield 32 Grey,758253864565    
2542,Sheffield 32 Grey,758253864572    
2543,Sheffield 33 Blue,758253864589    
2544,Sheffield 33 Blue,758253864596    
2545,Sheffield 33 Blue,758253864602    
2546,Sheffield 33 Blue,758253864619    
2547,Sheffield 33 Spice,758253864626    
2548,Sheffield 33 Spice,758253864633    
2549,Sheffield 33 Spice,758253864640    
2550,Sheffield 33 Spice,758253864657    
2551,Sheffield 34 Multi,758253864664    
2552,Sheffield 34 Multi,758253864671    
2553,Sheffield 34 Multi,758253864688    
2554,Sheffield 34 Multi,758253864695    
2555,Sheffield 34 Grey,758253864701    
2556,Sheffield 34 Grey,758253864718    
2557,Sheffield 34 Grey,758253864725    
2558,Sheffield 34 Grey,758253864732    
2559,Sheffield 37 Spice,758253864749    
2560,Sheffield 37 Spice,758253864756    
2561,Sheffield 37 Spice,758253864763    
2562,Sheffield 37 Spice,758253864770    
2563,Sheffield 37 Grey,758253864787    
2564,Sheffield 37 Grey,758253864794    
2565,Sheffield 37 Grey,758253864800    
2566,Sheffield 37 Grey,758253864817    
2567,Sheffield 38 Spice,758253864824    
2568,Sheffield 38 Spice,758253864831    
2569,Sheffield 38 Spice,758253864848    
2570,Sheffield 38 Spice,758253864855    
2571,Sheffield 38 Multi,758253864862    
2572,Sheffield 38 Multi,758253864879    
2573,Sheffield 38 Multi,758253864886    
2574,Sheffield 38 Multi,758253864893    
2575,Sheffield 42 Grey,758253864909    
2576,Sheffield 42 Grey,758253864916    
2577,Sheffield 42 Grey,758253864923    
2578,Sheffield 42 Grey,758253864930    
2579,Sheffield 35 Grey,758253864947    
2580,Sheffield 35 Grey,758253864954    
2581,Sheffield 35 Grey,758253864961    
2582,Sheffield 35 Grey,758253864978    
2583,Sheffield 36 Blue,758253864985    
2584,Sheffield 36 Blue,758253864992    
2585,Sheffield 36 Blue,758253865005    
2586,Sheffield 36 Blue,758253865012    
2587,Jaxon 31 Mist,758253865029    
2588,Jaxon 31 Mist,758253865036    
2589,Jaxon 31 Mist,758253865043    
2590,Jaxon 31 Mist,758253865050    
2591,Jaxon 31 Mist,758253865067    
2592,Jaxon 31 Coffee,758253865074    
2593,Jaxon 31 Coffee,758253865081    
2594,Jaxon 31 Coffee,758253865098    
2595,Jaxon 31 Coffee,758253865104    
2596,Jaxon 31 Coffee,758253865111    
2597,Jaxon 31 Camel,758253865128    
2598,Jaxon 31 Camel,758253865135    
2599,Jaxon 31 Camel,758253865142    
2600,Jaxon 31 Camel,758253865159    
2601,Jaxon 31 Camel,758253865166    
2602,Jaxon 31 Dunes,758253865173    
2603,Jaxon 31 Dunes,758253865180    
2604,Jaxon 31 Dunes,758253865197    
2605,Jaxon 31 Dunes,758253865203    
2606,Jaxon 31 Dunes,758253865210    
2607,Jaxon 31 Latte,758253865227    
2608,Jaxon 31 Latte,758253865234    
2609,Jaxon 31 Latte,758253865241    
2610,Jaxon 31 Latte,758253865258    
2611,Jaxon 31 Latte,758253865265    
2612,Jaxon 31 Spice,758253865272    
2613,Jaxon 31 Spice,758253865289    
2614,Jaxon 31 Spice,758253865296    
2615,Jaxon 31 Spice,758253865302    
2616,Jaxon 31 Spice,758253865319    
2617,Jaxon 31 Beach,758253865326    
2618,Jaxon 31 Beach,758253865333    
2619,Jaxon 31 Beach,758253865340    
2620,Jaxon 31 Beach,758253865357    
2621,Jaxon 31 Beach,758253865364    
2622,Jaxon 31 Baja,758253865371    
2623,Jaxon 31 Baja,758253865388    
2624,Jaxon 31 Baja,758253865395    
2625,Jaxon 31 Baja,758253865401    
2626,Jaxon 31 Baja,758253865418    
2627,Jaxon 32 Brown,758253865425    
2628,Jaxon 32 Brown,758253865432    
2629,Jaxon 32 Brown,758253865449    
2630,Jaxon 32 Brown,758253865456    
2631,Jaxon 32 Brown,758253865463    
2632,Jaxon 32 Pebble,758253865470    
2633,Jaxon 32 Pebble,758253865487    
2634,Jaxon 32 Pebble,758253865494    
2635,Jaxon 32 Pebble,758253865500    
2636,Jaxon 32 Pebble,758253865517    
2637,Jaxon 32 Buff,758253865524    
2638,Jaxon 32 Buff,758253865531    
2639,Jaxon 32 Buff,758253865548    
2640,Jaxon 32 Buff,758253865555    
2641,Jaxon 32 Buff,758253865562    
2642,Jaxon 32 Khaki,758253865579    
2643,Jaxon 32 Khaki,758253865586    
2644,Jaxon 32 Khaki,758253865593    
2645,Jaxon 32 Khaki,758253865609    
2646,Jaxon 32 Khaki,758253865616    
2647,Jaxon 33 Pewter,758253865623    
2648,Jaxon 33 Pewter,758253865630    
2649,Jaxon 33 Pewter,758253865647    
2650,Jaxon 33 Pewter,758253865654    
2651,Jaxon 33 Pewter,758253865661    
2652,Jaxon 33 Cappuccino,758253865678    
2653,Jaxon 33 Cappuccino,758253865685    
2654,Jaxon 33 Cappuccino,758253865692    
2655,Jaxon 33 Cappuccino,758253865708    
2656,Jaxon 33 Cappuccino,758253865715    
2657,Jaxon 33 Abalone,758253865722    
2658,Jaxon 33 Abalone,758253865739    
2659,Jaxon 33 Abalone,758253865746    
2660,Jaxon 33 Abalone,758253865753    
2661,Jaxon 33 Abalone,758253865760    
2662,Jaxon 33 Fog,758253865777    
2663,Jaxon 33 Fog,758253865784    
2664,Jaxon 33 Fog,758253865791    
2665,Jaxon 33 Fog,758253865807    
2666,Jaxon 33 Fog,758253865814    
2667,Jaxon 33 Blue,758253865821    
2668,Jaxon 33 Blue,758253865838    
2669,Jaxon 33 Blue,758253865845    
2670,Jaxon 33 Blue,758253865852    
2671,Jaxon 33 Blue,758253865869    
2672,Jaxon 33 Dove,758253865876    
2673,Jaxon 33 Dove,758253865883    
2674,Jaxon 33 Dove,758253865890    
2675,Jaxon 33 Dove,758253865906    
2676,Jaxon 33 Dove,758253865913    
2677,Jaxon 33 Grey,758253865920    
2678,Jaxon 33 Grey,758253865937    
2679,Jaxon 33 Grey,758253865944    
2680,Jaxon 33 Grey,758253865951    
2681,Jaxon 33 Grey,758253865968    
2682,Jaxon 33 Tan,758253865975    
2683,Jaxon 33 Tan,758253865982    
2684,Jaxon 33 Tan,758253865999    
2685,Jaxon 33 Tan,758253866002    
2686,Jaxon 33 Tan,758253866019    
2687,Montana 31 Blue,758253866026    
2688,Montana 31 Blue,758253866033    
2689,Montana 31 Blue,758253866040    
2690,Montana 31 Blue,758253866057    
2691,Montana 31 River,758253866064    
2692,Montana 31 River,758253866071    
2693,Montana 31 River,758253866088    
2694,Montana 31 River,758253866095    
2695,Montana 31 Abalone,758253866101    
2696,Montana 31 Abalone,758253866118    
2697,Montana 31 Abalone,758253866125    
2698,Montana 31 Abalone,758253866132    
2699,Montana 31 Latte,758253866149    
2700,Montana 31 Latte,758253866156    
2701,Montana 31 Latte,758253866163    
2702,Montana 31 Latte,758253866170    
2703,Montana 31 Baja,758253866187    
2704,Montana 31 Baja,758253866194    
2705,Montana 31 Baja,758253866200    
2706,Montana 31 Baja,758253866217    
2707,Montana 31 Rust,758253866224    
2708,Montana 31 Rust,758253866231    
2709,Montana 31 Rust,758253866248    
2710,Montana 31 Rust,758253866255    
2711,Montana 31 Fog,758253866262    
2712,Montana 31 Fog,758253866279    
2713,Montana 31 Fog,758253866286    
2714,Montana 31 Fog,758253866293    
2715,Cooper 31 Pewter,758253866309    
2716,Cooper 31 Pewter,758253866316    
2717,Cooper 31 Pewter,758253866323    
2718,Cooper 31 Pewter,758253866330    
2719,Cooper 31 Brown,758253866347    
2720,Cooper 31 Brown,758253866354    
2721,Cooper 31 Brown,758253866361    
2722,Cooper 31 Brown,758253866378    
2723,Cooper 31 Blue,758253866385    
2724,Cooper 31 Blue,758253866392    
2725,Cooper 31 Blue,758253866408    
2726,Cooper 31 Blue,758253866415    
2727,Cooper 31 Green,758253866422    
2728,Cooper 31 Green,758253866439    
2729,Cooper 31 Green,758253866446    
2730,Cooper 31 Green,758253866453    
2731,Cooper 31 Marble,758253866460    
2732,Cooper 31 Marble,758253866477    
2733,Cooper 31 Marble,758253866484    
2734,Cooper 31 Marble,758253866491    
2735,Cooper 31 Lime,758253866507    
2736,Cooper 31 Lime,758253866514    
2737,Cooper 31 Lime,758253866521    
2738,Cooper 31 Lime,758253866538    
2739,Cooper 31 Sand,758253866545    
2740,Cooper 31 Sand,758253866552    
2741,Cooper 31 Sand,758253866569    
2742,Cooper 31 Sand,758253866576    
2743,Cooper 31 Orange,758253866583    
2744,Cooper 31 Orange,758253866590    
2745,Cooper 31 Orange,758253866606    
2746,Cooper 31 Orange,758253866613    
2747,Cooper 31 Purple,758253866620    
2748,Cooper 31 Purple,758253866637    
2749,Cooper 31 Purple,758253866644    
2750,Cooper 31 Purple,758253866651    
2751,Cooper 31 Putty,758253866668    
2752,Cooper 31 Putty,758253866675    
2753,Cooper 31 Putty,758253866682    
2754,Cooper 31 Putty,758253866699    
2755,Bria 31 Orange,758253866910    
2756,Bria 31 Orange,758253866927    
2757,Bria 31 Orange,758253866934    
2758,Bria 31 Orange,758253866941    
2759,Bria 32 Blue,758253866958    
2760,Bria 32 Blue,758253866965    
2761,Bria 32 Blue,758253866972    
2762,Bria 32 Blue,758253866989    
2763,Bria 33 Blue,758253866996    
2764,Bria 33 Blue,758253867009    
2765,Bria 33 Blue,758253867016    
2766,Bria 33 Blue,758253867023    
2767,Bria 34 Blue,758253867030    
2768,Bria 34 Blue,758253867047    
2769,Bria 34 Blue,758253867054    
2770,Bria 34 Blue,758253867061    
2771,Bria 35 Multi,758253867078    
2772,Bria 35 Multi,758253867085    
2773,Bria 35 Multi,758253867092    
2774,Bria 35 Multi,758253867108    
2775,Bria 36 Pink,758253867115    
2776,Bria 36 Pink,758253867122    
2777,Bria 36 Pink,758253867139    
2778,Bria 36 Pink,758253867146    
2779,Bria 37 Purple,758253867153    
2780,Bria 37 Purple,758253867160    
2781,Bria 37 Purple,758253867177    
2782,Bria 37 Purple,758253867184    
2783,Bria 38 Orange,758253867191    
2784,Bria 38 Orange,758253867207    
2785,Bria 38 Orange,758253867214    
2786,Bria 38 Orange,758253867221    
2787,Bria 38 Steel,758253867238    
2788,Bria 38 Steel,758253867245    
2789,Bria 38 Steel,758253867252    
2790,Bria 38 Steel,758253867269    
2791,Bria 39 Orange,758253867276    
2792,Bria 39 Orange,758253867283    
2793,Bria 39 Orange,758253867290    
2794,Bria 39 Orange,758253867306    
2795,Bria 39 Purple,758253867313    
2796,Bria 39 Purple,758253867320    
2797,Bria 39 Purple,758253867337    
2798,Bria 39 Purple,758253867344    
2799,Sahara 31 GREEN,758253867351    
2800,Sahara 31 GREEN,758253867368    
2801,Sahara 31 GREEN,758253867375    
2802,Sahara 31 GREEN,758253867382    
2803,Alpha 31 Beach,758253867399    
2804,Alpha 31 Beach,758253867405    
2805,Alpha 31 Beach,758253867412    
2806,Alpha 31 Beach,758253867429    
2807,Alpha 31 Blue,758253867436    
2808,Alpha 31 Blue,758253867443    
2809,Alpha 31 Blue,758253867450    
2810,Alpha 31 Blue,758253867467    
2811,Alpha 31 Brown,758253867474    
2812,Alpha 31 Brown,758253867481    
2813,Alpha 31 Brown,758253867498    
2814,Alpha 31 Brown,758253867504    
2815,Alpha 31 Earth,758253867511    
2816,Alpha 31 Earth,758253867528    
2817,Alpha 31 Earth,758253867535    
2818,Alpha 31 Earth,758253867542    
2819,Alpha 31 Green,758253867559    
2820,Alpha 31 Green,758253867566    
2821,Alpha 31 Green,758253867573    
2822,Alpha 31 Green,758253867580    
2823,Alpha 31 Grey,758253867597    
2824,Alpha 31 Grey,758253867603    
2825,Alpha 31 Grey,758253867610    
2826,Alpha 31 Grey,758253867627    
2827,Alpha 31 Mushroom,758253867634    
2828,Alpha 31 Mushroom,758253867641    
2829,Alpha 31 Mushroom,758253867658    
2830,Alpha 31 Mushroom,758253867665    
2831,Alpha 31 Night,758253867672    
2832,Alpha 31 Night,758253867689    
2833,Alpha 31 Night,758253867696    
2834,Alpha 31 Night,758253867702    
2835,Alpha 31 Paprika,758253867719    
2836,Alpha 31 Paprika,758253867726    
2837,Alpha 31 Paprika,758253867733    
2838,Alpha 31 Paprika,758253867740    
2839,Alpha 31 White,758253867757    
2840,Alpha 31 White,758253867764    
2841,Alpha 31 White,758253867771    
2842,Alpha 31 White,758253867788    
2843,Atlas 31 Blue,758253867795    
2844,Atlas 31 Blue,758253867801    
2845,Atlas 31 Blue,758253867818    
2846,Atlas 31 Blue,758253867825    
2847,Atlas 32 Blue,758253867832    
2848,Atlas 32 Blue,758253867849    
2849,Atlas 32 Blue,758253867856    
2850,Atlas 32 Blue,758253867863    
2851,Atlas 32 Brown,758253867870    
2852,Atlas 32 Brown,758253867887    
2853,Atlas 32 Brown,758253867894    
2854,Atlas 32 Brown,758253867900    
2855,Atlas 33 Blue,758253867917    
2856,Atlas 33 Blue,758253867924    
2857,Atlas 33 Blue,758253867931    
2858,Atlas 33 Blue,758253867948    
2859,Atlas 33 Brown,758253867955    
2860,Atlas 33 Brown,758253867962    
2861,Atlas 33 Brown,758253867979    
2862,Atlas 33 Brown,758253867986    
2863,Atlas 34 Blue,758253867993    
2864,Atlas 34 Blue,758253868006    
2865,Atlas 34 Blue,758253868013    
2866,Atlas 34 Blue,758253868020    
2867,Atlas 34 Paprika,758253868037    
2868,Atlas 34 Paprika,758253868044    
2869,Atlas 34 Paprika,758253868051    
2870,Atlas 34 Paprika,758253868068    
2871,Atlas 35 Brown,758253868082    
2872,Atlas 35 Brown,758253868099    
2873,Atlas 35 Brown,758253868105    
2874,Atlas 36 Grey,758253868112    
2875,Atlas 36 Grey,758253868129    
2876,Atlas 36 Grey,758253868136    
2877,Atlas 36 Grey,758253868143    
2878,Atlas 37 Blue,758253868150    
2879,Atlas 37 Blue,758253868167    
2880,Atlas 37 Blue,758253868174    
2881,Atlas 37 Blue,758253868181    
2882,Atlas 37 Brown,758253868198    
2883,Atlas 37 Brown,758253868204    
2884,Atlas 37 Brown,758253868211    
2885,Atlas 37 Brown,758253868228    
2886,Camilla 32 Blue,758253868631    
2887,Camilla 32 Blue,758253868648    
2888,Camilla 32 Blue,758253868655    
2889,Camilla 32 Blue,758253868662    
2890,Camilla 32 Brown,758253868679    
2891,Camilla 32 Brown,758253868686    
2892,Camilla 32 Brown,758253868693    
2893,Camilla 32 Brown,758253868709    
2894,Camilla 32 Grey,758253868716    
2895,Camilla 32 Grey,758253868723    
2896,Camilla 32 Grey,758253868730    
2897,Camilla 32 Grey,758253868747    
2898,Camilla 33 Blue,758253868754    
2899,Camilla 33 Blue,758253868761    
2900,Camilla 33 Blue,758253868778    
2901,Camilla 33 Blue,758253868785    
2902,Camilla 33 Grey,758253868792    
2903,Camilla 33 Grey,758253868808    
2904,Camilla 33 Grey,758253868815    
2905,Camilla 33 Grey,758253868822    
2906,Camilla 33 Ivory,758253868839    
2907,Camilla 33 Ivory,758253868846    
2908,Camilla 33 Ivory,758253868853    
2909,Camilla 33 Ivory,758253868860    
2910,Camilla 37 Brown,758253868877    
2911,Camilla 37 Brown,758253868884    
2912,Camilla 37 Brown,758253868891    
2913,Camilla 37 Brown,758253868907    
2914,Camilla 37 Green,758253868914    
2915,Camilla 37 Green,758253868921    
2916,Camilla 37 Green,758253868938    
2917,Camilla 37 Green,758253868945    
2918,Camilla 37 Ivory,758253868952    
2919,Camilla 37 Ivory,758253868969    
2920,Camilla 37 Ivory,758253868976    
2921,Camilla 37 Ivory,758253868983    
2922,Camilla 38 Blue,758253868990    
2923,Camilla 38 Blue,758253869003    
2924,Camilla 38 Blue,758253869010    
2925,Camilla 38 Blue,758253869027    
2926,Camilla 38 Grey,758253869034    
2927,Camilla 38 Grey,758253869041    
2928,Camilla 38 Grey,758253869058    
2929,Camilla 38 Grey,758253869065    
2930,Camilla 38 Peacock,758253869072    
2931,Camilla 38 Peacock,758253869089    
2932,Camilla 38 Peacock,758253869096    
2933,Camilla 38 Peacock,758253869102    
2934,Heather 31 Blue,758253871235    
2935,Heather 31 Blue,758253871242    
2936,Heather 31 Blue,758253871259    
2937,Heather 31 Blue,758253871266    
2938,Heather 31 Earth,758253871273    
2939,Heather 31 Earth,758253871280    
2940,Heather 31 Earth,758253871297    
2941,Heather 31 Earth,758253871303    
2942,Heather 31 Grey,758253871310    
2943,Heather 31 Grey,758253871327    
2944,Heather 31 Grey,758253871334    
2945,Heather 31 Grey,758253871341    
2946,Heather 31 Multi,758253871358    
2947,Heather 31 Multi,758253871365    
2948,Heather 31 Multi,758253871372    
2949,Heather 31 Multi,758253871389    
2950,Heather 31 Paprika,758253871396    
2951,Heather 31 Paprika,758253871402    
2952,Heather 31 Paprika,758253871419    
2953,Heather 31 Paprika,758253871426    
2954,Heather 31 Peacock,758253871433    
2955,Heather 31 Peacock,758253871440    
2956,Heather 31 Peacock,758253871457    
2957,Heather 31 Peacock,758253871464    
2958,Heather 31 Rust,758253871471    
2959,Heather 31 Rust,758253871488    
2960,Heather 31 Rust,758253871495    
2961,Heather 31 Rust,758253871501    
2962,Heather 31 Steel,758253871518    
2963,Heather 31 Steel,758253871525    
2964,Heather 31 Steel,758253871532    
2965,Heather 31 Steel,758253871549    
2966,Heather 31 Taupe,758253871556    
2967,Heather 31 Taupe,758253871563    
2968,Heather 31 Taupe,758253871570    
2969,Heather 31 Taupe,758253871587    
2970,Luxor 31 Aureate,758253872874    
2971,Luxor 31 Aureate,758253872881    
2972,Luxor 31 Aureate,758253872898    
2973,Luxor 31 Aureate,758253872904    
2974,Luxor 31 Blue,758253872911    
2975,Luxor 31 Blue,758253872928    
2976,Luxor 31 Blue,758253872935    
2977,Luxor 31 Blue,758253872942    
2978,Luxor 31 Brown,758253872959    
2979,Luxor 31 Brown,758253872966    
2980,Luxor 31 Brown,758253872973    
2981,Luxor 31 Brown,758253872980    
2982,Luxor 31 Coin,758253872997    
2983,Luxor 31 Coin,758253873000    
2984,Luxor 31 Coin,758253873017    
2985,Luxor 31 Coin,758253873024    
2986,Luxor 31 Green,758253873031    
2987,Luxor 31 Green,758253873048    
2988,Luxor 31 Green,758253873055    
2989,Luxor 31 Green,758253873062    
2990,Luxor 31 Grey,758253873079    
2991,Luxor 31 Grey,758253873086    
2992,Luxor 31 Grey,758253873093    
2993,Luxor 31 Grey,758253873109    
2994,Luxor 31 Kiwi,758253873116    
2995,Luxor 31 Kiwi,758253873123    
2996,Luxor 31 Kiwi,758253873130    
2997,Luxor 31 Kiwi,758253873147    
2998,Luxor 31 Night,758253873154    
2999,Luxor 31 Night,758253873161    
3000,Luxor 31 Night,758253873178    
3001,Luxor 31 Night,758253873185    
3002,Luxor 31 Spice,758253873192    
3003,Luxor 31 Spice,758253873208    
3004,Luxor 31 Spice,758253873215    
3005,Luxor 31 Spice,758253873222    
3006,Marlow 31 Grey,758253873239    
3007,Marlow 31 Grey,758253873246    
3008,Marlow 31 Grey,758253873253    
3009,Marlow 31 Grey,758253873260    
3010,Marlow 31 Russet,758253873277    
3011,Marlow 31 Russet,758253873284    
3012,Marlow 31 Russet,758253873291    
3013,Marlow 31 Russet,758253873307    
3014,Marlow 32 Brown,758253873314    
3015,Marlow 32 Brown,758253873321    
3016,Marlow 32 Brown,758253873338    
3017,Marlow 32 Brown,758253873345    
3018,Marlow 32 Green,758253873352    
3019,Marlow 32 Green,758253873369    
3020,Marlow 32 Green,758253873376    
3021,Marlow 32 Green,758253873383    
3022,Marlow 32 Russet,758253873390    
3023,Marlow 32 Russet,758253873406    
3024,Marlow 32 Russet,758253873413    
3025,Marlow 32 Russet,758253873420    
3026,Marlow 33 Dove,758253873437    
3027,Marlow 33 Dove,758253873444    
3028,Marlow 33 Dove,758253873451    
3029,Marlow 33 Dove,758253873468    
3030,Marlow 33 Grey,758253873475    
3031,Marlow 33 Grey,758253873482    
3032,Marlow 33 Grey,758253873499    
3033,Marlow 33 Grey,758253873505    
3034,Marlow 34 Taupe,758253873512    
3035,Marlow 34 Taupe,758253873529    
3036,Marlow 34 Taupe,758253873536    
3037,Marlow 34 Taupe,758253873543    
3038,Marlow 35 Dove,758253873550    
3039,Marlow 35 Dove,758253873567    
3040,Marlow 35 Dove,758253873574    
3041,Marlow 35 Dove,758253873581    
3042,Marlow 35 Green,758253873598    
3043,Marlow 35 Green,758253873604    
3044,Marlow 35 Green,758253873611    
3045,Marlow 35 Green,758253873628    
3046,Marlow 36 Brown,758253873635    
3047,Marlow 36 Brown,758253873642    
3048,Marlow 36 Brown,758253873659    
3049,Marlow 36 Brown,758253873666    
3050,Marlow 37 Fall,758253873673    
3051,Marlow 37 Fall,758253873680    
3052,Marlow 37 Fall,758253873697    
3053,Marlow 37 Fall,758253873703    
3054,Marlow 38 Blue,758253873710    
3055,Marlow 38 Blue,758253873727    
3056,Marlow 38 Blue,758253873734    
3057,Marlow 38 Blue,758253873741    
3058,Marlow 39 Fall,758253873758    
3059,Marlow 39 Fall,758253873765    
3060,Marlow 39 Fall,758253873772    
3061,Marlow 39 Fall,758253873789    
3062,Marlow 39 Linen,758253873796    
3063,Marlow 39 Linen,758253873802    
3064,Marlow 39 Linen,758253873819    
3065,Marlow 39 Linen,758253873826    
3066,Marlow 40 Blue,758253873833    
3067,Marlow 40 Blue,758253873840    
3068,Marlow 40 Blue,758253873857    
3069,Marlow 40 Blue,758253873864    
3070,Marlow 40 Multi,758253873871    
3071,Marlow 40 Multi,758253873888    
3072,Marlow 40 Multi,758253873895    
3073,Marlow 40 Multi,758253873901    
3074,Marlow 41 Fall,758253873918    
3075,Marlow 41 Fall,758253873925    
3076,Marlow 41 Fall,758253873932    
3077,Marlow 41 Fall,758253873949    
3078,Mission 31 Baja,758253873956    
3079,Mission 31 Baja,758253873963    
3080,Mission 31 Baja,758253873970    
3081,Mission 31 Baja,758253873987    
3082,Mission 31 Blue,758253873994    
3083,Mission 31 Blue,758253874007    
3084,Mission 31 Blue,758253874014    
3085,Mission 31 Blue,758253874021    
3086,Mission 31 Green,758253874038    
3087,Mission 31 Green,758253874045    
3088,Mission 31 Green,758253874052    
3089,Mission 31 Green,758253874069    
3090,Mission 31 Grey,758253874076    
3091,Mission 31 Grey,758253874083    
3092,Mission 31 Grey,758253874090    
3093,Mission 31 Grey,758253874106    
3094,Mission 31 Latte,758253874113    
3095,Mission 31 Latte,758253874120    
3096,Mission 31 Latte,758253874137    
3097,Mission 31 Latte,758253874144    
3098,Mission 31 Peacock,758253874151    
3099,Mission 31 Peacock,758253874168    
3100,Mission 31 Peacock,758253874175    
3101,Mission 31 Peacock,758253874182    
3102,Mission 31 Spice,758253874199    
3103,Mission 31 Spice,758253874205    
3104,Mission 31 Spice,758253874212    
3105,Mission 31 Spice,758253874229    
3106,Phoenix 31 Blue,758253874953    
3107,Phoenix 31 Blue,758253874960    
3108,Phoenix 31 Blue,758253874977    
3109,Phoenix 31 Blue,758253874984    
3110,Phoenix 31 Carbon,758253874991    
3111,Phoenix 31 Carbon,758253875004    
3112,Phoenix 31 Carbon,758253875011    
3113,Phoenix 31 Carbon,758253875028    
3114,Phoenix 31 Coffee,758253875035    
3115,Phoenix 31 Coffee,758253875042    
3116,Phoenix 31 Coffee,758253875059    
3117,Phoenix 31 Coffee,758253875066    
3118,Phoenix 31 Earth,758253875073    
3119,Phoenix 31 Earth,758253875080    
3120,Phoenix 31 Earth,758253875097    
3121,Phoenix 31 Earth,758253875103    
3122,Phoenix 31 Fog,758253875110    
3123,Phoenix 31 Fog,758253875127    
3124,Phoenix 31 Fog,758253875134    
3125,Phoenix 31 Fog,758253875141    
3126,Phoenix 31 Grey,758253875158    
3127,Phoenix 31 Grey,758253875165    
3128,Phoenix 31 Grey,758253875172    
3129,Phoenix 31 Grey,758253875189    
3130,Phoenix 31 Latte,758253875196    
3131,Phoenix 31 Latte,758253875202    
3132,Phoenix 31 Latte,758253875219    
3133,Phoenix 31 Latte,758253875226    
3134,Phoenix 31 Peacock,758253875233    
3135,Phoenix 31 Peacock,758253875240    
3136,Phoenix 31 Peacock,758253875257    
3137,Phoenix 31 Peacock,758253875264    
3138,Phoenix 31 River,758253875271    
3139,Phoenix 31 River,758253875288    
3140,Phoenix 31 River,758253875295    
3141,Phoenix 31 River,758253875301    
3142,Phoenix 31 Rust,758253875318    
3143,Phoenix 31 Rust,758253875325    
3144,Phoenix 31 Rust,758253875332    
3145,Phoenix 31 Rust,758253875349    
3146,Aurora 31 Khaki,758253882712    
3147,Adam 2 Gray,758253882729    
3148,Adam 2 Gray,758253882736    
3149,Adam 3 Blue,758253882743    
3150,Adam 3 Blue,758253882750    
3151,Adam 3 Blue,758253882767    
3152,Adam 3 Blue,758253882774    
3153,Tobin 34 Rust,758253882781    
3154,Tobin 34 Rust,758253882798    
3155,Tobin 34 Rust,758253882804    
3156,Adam 2 Gray,758253882811    
3157,Tobin 34 Rust,758253882828    
3158,Retreat 22 Dove,758253883405    
3159,Retreat 22 Dove,758253883412    
3160,Retreat 22 Dove,758253883429    
3161,Retreat 22 Dove,758253883436    
3162,Retreat 22 Rust,758253883450    
3163,Retreat 22 Rust,758253883467    
3164,Retreat 22 Rust,758253883474    
3165,Retreat 22 Rust,758253883481    
3166,Retreat 22 Khaki,758253883504    
3167,Retreat 22 Khaki,758253883511    
3168,Retreat 22 Khaki,758253883528    
3169,Retreat 22 Khaki,758253883535    
3170,Retreat 22 Ocean,758253883559    
3171,Retreat 22 Ocean,758253883566    
3172,Retreat 22 Ocean,758253883573    
3173,Retreat 22 Ocean,758253883580    
3174,Retreat 22 Ink,758253883603    
3175,Retreat 22 Ink,758253883610    
3176,Retreat 22 Ink,758253883627    
3177,Retreat 22 Ink,758253883634    
3178,Retreat 22 Fudge,758253883658    
3179,Retreat 22 Fudge,758253883665    
3180,Retreat 22 Fudge,758253883672    
3181,Retreat 22 Fudge,758253883689    
3182,Retreat 22 Sunflower,758253883702    
3183,Retreat 22 Sunflower,758253883719    
3184,Retreat 22 Sunflower,758253883726    
3185,Retreat 22 Sunflower,758253883733    
3186,Retreat 22 Olive,758253883757    
3187,Retreat 22 Olive,758253883764    
3188,Retreat 22 Olive,758253883771    
3189,Retreat 22 Olive,758253883788    
3190,Cosmo 40 Yellow,758253885508    
3191,Cosmo 40 Yellow,758253885515    
3192,Cosmo 40 Yellow,758253885522    
3193,Cosmo 40 Yellow,758253885539    
3194,Cosmo 41 Ocean,758253885553    
3195,Cosmo 41 Ocean,758253885560    
3196,Cosmo 41 Ocean,758253885577    
3197,Cosmo 41 Ocean,758253885584    
3198,Cosmo 42 Indigo,758253885607    
3199,Cosmo 42 Indigo,758253885614    
3200,Cosmo 42 Indigo,758253885621    
3201,Cosmo 42 Indigo,758253885638    
3202,Cosmo 43 Magenta,758253885652    
3203,Cosmo 43 Magenta,758253885669    
3204,Cosmo 43 Magenta,758253885676    
3205,Cosmo 43 Magenta,758253885683    
3206,Cosmo 44 Earth,758253885706    
3207,Cosmo 44 Earth,758253885713    
3208,Cosmo 44 Earth,758253885720    
3209,Cosmo 44 Earth,758253885737    
3210,Cosmo 45 Slate,758253885751    
3211,Cosmo 45 Slate,758253885768    
3212,Cosmo 45 Slate,758253885775    
3213,Cosmo 45 Slate,758253885782    
3214,Amelia 50 Splash,758253885805    
3215,Amelia 50 Splash,758253885812    
3216,Amelia 50 Splash,758253885829    
3217,Amelia 50 Splash,758253885836    
3218,Amelia 51 Bone,758253885850    
3219,Amelia 51 Bone,758253885867    
3220,Amelia 51 Bone,758253885874    
3221,Amelia 51 Bone,758253885881    
3222,Amelia 52 Slate,758253885904    
3223,Amelia 52 Slate,758253885911    
3224,Amelia 52 Slate,758253885928    
3225,Amelia 52 Slate,758253885935    
3226,Amelia 53 Rust,758253885959    
3227,Amelia 53 Rust,758253885966    
3228,Amelia 53 Rust,758253885973    
3229,Amelia 53 Rust,758253885980    
3230,Amelia 54 Canyon,758253886000    
3231,Amelia 54 Canyon,758253886017    
3232,Amelia 54 Canyon,758253886024    
3233,Amelia 54 Canyon,758253886031    
3234,Amelia 55 Marina,758253886055    
3235,Amelia 55 Marina,758253886062    
3236,Amelia 55 Marina,758253886079    
3237,Amelia 55 Marina,758253886086    
3238,Amelia 56 Stone,758253886109    
3239,Amelia 56 Stone,758253886116    
3240,Amelia 56 Stone,758253886123    
3241,Amelia 56 Stone,758253886130    
3242,Amelia 57 Coastal,758253886154    
3243,Amelia 57 Coastal,758253886161    
3244,Amelia 57 Coastal,758253886178    
3245,Amelia 57 Coastal,758253886185    
3246,Amelia 58 Earth,758253886208    
3247,Amelia 58 Earth,758253886215    
3248,Amelia 58 Earth,758253886222    
3249,Amelia 58 Earth,758253886239    
3250,Amelia 59 Sea,758253886253    
3251,Amelia 59 Sea,758253886260    
3252,Amelia 59 Sea,758253886277    
3253,Amelia 59 Sea,758253886284    
3254,Amelia 60 Sunset,758253886307    
3255,Amelia 60 Sunset,758253886314    
3256,Amelia 60 Sunset,758253886321    
3257,Amelia 60 Sunset,758253886338    
3258,Amelia 61 Prism,758253886352    
3259,Amelia 61 Prism,758253886369    
3260,Amelia 61 Prism,758253886376    
3261,Amelia 61 Prism,758253886383    
3262,Amelia 62 Lipstick,758253886406    
3263,Amelia 62 Lipstick,758253886413    
3264,Amelia 62 Lipstck,758253886420    
3265,Amelia 62 Lipstick,758253886437    
3266,Amelia 63 Smoke,758253886451    
3267,Amelia 63 Smoke,758253886468    
3268,Amelia 63 Smoke,758253886475    
3269,Amelia 63 Smoke,758253886482    
3270,Sanibel 31 Grey,758253886505    
3271,Sanibel 31 Grey,758253886512    
3272,Sanibel 31 Grey,758253886529    
3273,Sanibel 31 Grey,758253886536    
3274,Sanibel 31 Navy,758253886543    
3275,Sanibel 31 Navy,758253886550    
3276,Sanibel 31 Navy,758253886567    
3277,Sanibel 31 Navy,758253886574    
3278,Sanibel 31 Taupe,758253886581    
3279,Sanibel 31 Taupe,758253886598    
3280,Sanibel 31 Taupe,758253886604    
3281,Sanibel 31 Taupe,758253886611    
3282,Sanibel 31 Rust,758253886628    
3283,Sanibel 31 Rust,758253886635    
3284,Sanibel 31 Rust,758253886642    
3285,Sanibel 31 Rust,758253886659    
3286,Calabar 40 Stone,758253886666    
3287,Calabar 40 Stone,758253886673    
3288,Calabar 40 Stone,758253886680    
3289,Calabar 40 Stone,758253886697    
3290,Calabar 40 Marlin,758253886703    
3291,Calabar 40 Marlin,758253886710    
3292,Calabar 40 Marlin,758253886727    
3293,Calabar 40 Marlin,758253886734    
3294,Calabar 40 Fudge,758253886741    
3295,Calabar 40 Fudge,758253886758    
3296,Calabar 40 Fudge,758253886765    
3297,Calabar 40 Fudge,758253886772    
3298,Calabar 40 Concrete,758253886789    
3299,Calabar 40 Concrete,758253886796    
3300,Calabar 40 Concrete,758253886802    
3301,Calabar 40 Concrete,758253886819    
3302,Calabar 41 Pine,758253886826    
3303,Calabar 41 Pine,758253886833    
3304,Calabar 41 Pine,758253886840    
3305,Calabar 41 Pine,758253886857    
3306,Calabar 41 Lagoon,758253886864    
3307,Calabar 41 Lagoon,758253886871    
3308,Calabar 41 Lagoon,758253886888    
3309,Calabar 41 Lagoon,758253886895    
3310,Calabar 41 Midnight,758253886901    
3311,Calabar 41 Midnight,758253886918    
3312,Calabar 41 Midnight,758253886925    
3313,Calabar 41 Midnight,758253886932    
3314,Calabar 41 Tin,758253886949    
3315,Calabar 41 Tin,758253886956    
3316,Calabar 41 Tin,758253886963    
3317,Calabar 41 Tin,758253886970    
3318,Calabar 42 Snow,758253886987    
3319,Calabar 42 Snow,758253886994    
3320,Calabar 42 Snow,758253887007    
3321,Calabar 42 Snow,758253887014    
3322,Calabar 42 Steel,758253887021    
3323,Calabar 42 Steel,758253887038    
3324,Calabar 42 Steel,758253887045    
3325,Calabar 42 Steel,758253887052    
3326,Calabar 42 Rust,758253887069    
3327,Calabar 42 Rust,758253887076    
3328,Calabar 42 Rust,758253887083    
3329,Calabar 42 Rust,758253887090    
3330,Calabar 42 Taupe,758253887106    
3331,Calabar 42 Taupe,758253887113    
3332,Calabar 42 Taupe,758253887120    
3333,Calabar 42 Taupe,758253887137    
3334,Nolita 31 Grey,758253887144    
3335,Nolita 31 Grey,758253887151    
3336,Nolita 31 Grey,758253887168    
3337,Nolita 31 Grey,758253887175    
3338,Nolita 31 Khaki,758253887199    
3339,Nolita 31 Khaki,758253887205    
3340,Nolita 31 Khaki,758253887212    
3341,Nolita 31 Khaki,758253887229    
3342,Nolita 31 Fudge,758253887243    
3343,Nolita 31 Fudge,758253887250    
3344,Nolita 31 Fudge,758253887267    
3345,Nolita 31 Fudge,758253887274    
3346,Nolita 31 Camel,758253887298    
3347,Nolita 31 Camel,758253887304    
3348,Nolita 31 Camel,758253887311    
3349,Nolita 31 Camel,758253887328    
3350,Nolita 31 Cinnamon,758253887342    
3351,Nolita 31 Cinnamon,758253887359    
3352,Nolita 31 Cinnamon,758253887366    
3353,Nolita 31 Cinnamon,758253887373    
3354,Nolita 31 Pumpkin,758253887397    
3355,Nolita 31 Pumpkin,758253887403    
3356,Nolita 31 Pumpkin,758253887410    
3357,Nolita 31 Pumpkin,758253887427    
3358,Nolita 31 Lagoon,758253887441    
3359,Nolita 31 Lagoon,758253887458    
3360,Nolita 31 Lagoon,758253887465    
3361,Nolita 31 Lagoon,758253887472    
3362,Nolita 31 Orchid,758253887496    
3363,Nolita 31 Orchid,758253887502    
3364,Nolita 31 Orchid,758253887519    
3365,Nolita 31 Orchid,758253887526    
3366,Nolita 31 Sunshine,758253887540    
3367,Nolita 31 Sunshine,758253887557    
3368,Nolita 31 Sunshine,758253887564    
3369,Nolita 31 Sunshine,758253887571    
3370,Nolita 31 Lipstick,758253887595    
3371,Nolita 31 Lipstick,758253887601    
3372,Nolita 31 Lipstick,758253887618    
3373,Nolita 31 Lipstick,758253887625    
3374,Nolita 31 Aqua,758253887649    
3375,Nolita 31 Aqua,758253887656    
3376,Nolita 31 Aqua,758253887663    
3377,Nolita 31 Aqua,758253887670    
3378,Nolita 31 Pod,758253887694    
3379,Nolita 31 Pod,758253887700    
3380,Nolita 31 Pod,758253887717    
3381,Nolita 31 Pod,758253887724    
3382,Dazzle 32 Champagne,758253889285    
3383,Dazzle 32 Champagne,758253889292    
3384,Dazzle 32 Champagne,758253889308    
3385,Dazzle 32 Champagne,758253889315    
3386,Dazzle 32 Latte,758253889322    
3387,Dazzle 32 Latte,758253889339    
3388,Dazzle 32 Latte,758253889346    
3389,Dazzle 32 Latte,758253889353    
3390,Dazzle 32 Pecan,758253889360    
3391,Dazzle 32 Pecan,758253889377    
3392,Dazzle 32 Pecan,758253889384    
3393,Dazzle 32 Pecan,758253889391    
3394,Dazzle 32 Peacock,758253889407    
3395,Dazzle 32 Peacock,758253889414    
3396,Dazzle 32 Peacock,758253889421    
3397,Dazzle 32 Peacock,758253889438    
3398,Dazzle 32 Gilded,758253889445    
3399,Dazzle 32 Gilded,758253889452    
3400,Dazzle 32 Gilded,758253889469    
3401,Dazzle 32 Gilded,758253889476    
3402,Dazzle 32 Silver,758253889483    
3403,Dazzle 32 Silver,758253889490    
3404,Dazzle 32 Silver,758253889506    
3405,Dazzle 32 Silver,758253889513    
3406,Dazzle 32 Night,758253889520    
3407,Dazzle 32 Night,758253889537    
3408,Dazzle 32 Night,758253889544    
3409,Dazzle 32 Night,758253889551    
3410,Dazzle 32 Blue,758253889568    
3411,Dazzle 32 Blue,758253889575    
3412,Dazzle 32 Blue,758253889582    
3413,Dazzle 32 Blue,758253889599    
3414,Dazzle 32 Canyon,758253889605    
3415,Dazzle 32 Canyon,758253889612    
3416,Dazzle 32 Canyon,758253889629    
3417,Dazzle 32 Canyon,758253889636    
3418,Dazzle 32 Sangria,758253889643    
3419,Dazzle 32 Sangria,758253889650    
3420,Dazzle 32 Sangria,758253889667    
3421,Dazzle 32 Sangria,758253889674    
3422,Dazzle 32 Celery,758253889681    
3423,Dazzle 32 Celery,758253889698    
3424,Dazzle 32 Celery,758253889704    
3425,Dazzle 32 Celery,758253889711    
3426,Dazzle 32 Eggplant,758253889728    
3427,Dazzle 32 Eggplant,758253889735    
3428,Dazzle 32 Eggplant,758253889742    
3429,Dazzle 32 Eggplant,758253889759    
3430,Harrison 32 Peacock,758253889766    
3431,Harrison 32 Peacock,758253889773    
3432,Harrison 32 Peacock,758253889780    
3433,Harrison 32 Peacock,758253889797    
3434,Harrison 32 Autumn,758253889803    
3435,Harrison 32 Autumn,758253889810    
3436,Harrison 32 Autumn,758253889827    
3437,Harrison 32 Autumn,758253889834    
3438,Harrison 32 Seaglass,758253889841    
3439,Harrison 32 Seaglass,758253889858    
3440,Harrison 32 Seaglass,758253889865    
3441,Harrison 32 Seaglass,758253889872    
3442,Harrison 32 Mushroom,758253889889    
3443,Harrison 32 Mushroom,758253889896    
3444,Harrison 32 Mushroom,758253889902    
3445,Harrison 32 Mushroom,758253889919    
3446,Harrison 32 Canyon,758253889926    
3447,Harrison 32 Canyon,758253889933    
3448,Harrison 32 Canyon,758253889940    
3449,Harrison 32 Canyon,758253889957    
3450,Prism 32 Champagne,758253889964    
3451,Prism 32 Champagne,758253889971    
3452,Prism 32 Champagne,758253889988    
3453,Prism 32 Champagne,758253889995    
3454,Prism 32 Latte,758253890007    
3455,Prism 32 Latte,758253890014    
3456,Prism 32 Latte,758253890021    
3457,Prism 32 Latte,758253890038    
3458,Prism 32 Pecan,758253890045    
3459,Prism 32 Pecan,758253890052    
3460,Prism 32 Pecan,758253890069    
3461,Prism 32 Pecan,758253890076    
3462,Prism 32 Peacock,758253890083    
3463,Prism 32 Peacock,758253890090    
3464,Prism 32 Peacock,758253890106    
3465,Prism 32 Peacock,758253890113    
3466,Prism 32 Gilded,758253890120    
3467,Prism 32 Gilded,758253890137    
3468,Prism 32 Gilded,758253890144    
3469,Prism 32 Gilded,758253890151    
3470,Prism 32 Silver,758253890168    
3471,Prism 32 Silver,758253890175    
3472,Prism 32 Silver,758253890182    
3473,Prism 32 Silver,758253890199    
3474,Prism 32 Night,758253890205    
3475,Prism 32 Night,758253890212    
3476,Prism 32 Night,758253890229    
3477,Prism 32 Night,758253890236    
3478,Prism 32 Blue,758253890243    
3479,Prism 32 Blue,758253890250    
3480,Prism 32 Blue,758253890267    
3481,Prism 32 Blue,758253890274    
3482,Prism 32 Canyon,758253890281    
3483,Prism 32 Canyon,758253890298    
3484,Prism 32 Canyon,758253890304    
3485,Prism 32 Canyon,758253890311    
3486,Prism 32 Sangria,758253890328    
3487,Prism 32 Sangria,758253890335    
3488,Prism 32 Sangria,758253890342    
3489,Prism 32 Sangria,758253890359    
3490,Prism 32 Celery,758253890366    
3491,Prism 32 Celery,758253890373    
3492,Prism 32 Celery,758253890380    
3493,Prism 32 Celery,758253890397    
3494,Prism 32 Eggplant,758253890403    
3495,Prism 32 Eggplant,758253890410    
3496,Prism 32 Eggplant,758253890427    
3497,Prism 32 Eggplant,758253890434    
3498,Essex 36 Blue,758253894944    
3499,Essex 36 Blue,758253894951    
3500,Essex 36 Blue,758253894968    
3501,Essex 36 Blue,758253894975    
3502,Essex 36 Blue,758253894982    
3503,Essex 36 Blue,758253894999    
3504,Essex 36 Yellow,758253895002    
3505,Essex 36 Yellow,758253895019    
3506,Essex 36 Yellow,758253895026    
3507,Essex 36 Yellow,758253895033    
3508,Essex 36 Yellow,758253895040    
3509,Essex 36 Yellow,758253895057    
3510,Essex 36 Pink,758253895064    
3511,Essex 36 Pink,758253895071    
3512,Essex 36 Pink,758253895088    
3513,Essex 36 Pink,758253895095    
3514,Essex 36 Pink,758253895101    
3515,Essex 36 Pink,758253895118    
3516,Essex 36 Green,758253895125    
3517,Essex 36 Green,758253895132    
3518,Essex 36 Green,758253895149    
3519,Essex 36 Green,758253895156    
3520,Essex 36 Green,758253895163    
3521,Essex 36 Green,758253895170    
3522,Essex 36 Grey,758253895187    
3523,Essex 36 Grey,758253895194    
3524,Essex 36 Grey,758253895200    
3525,Essex 36 Grey,758253895217    
3526,Essex 36 Grey,758253895224    
3527,Essex 36 Grey,758253895231    
3528,Essex 36 Brown,758253895248    
3529,Essex 36 Brown,758253895255    
3530,Essex 36 Brown,758253895262    
3531,Essex 36 Brown,758253895279    
3532,Essex 36 Brown,758253895286    
3533,Essex 36 Brown,758253895293    
3534,Essex 36 Orange,758253895309    
3535,Essex 36 Orange,758253895316    
3536,Essex 36 Orange,758253895323    
3537,Essex 36 Orange,758253895330    
3538,Essex 36 Orange,758253895347    
3539,Essex 36 Orange,758253895354    
3540,Essex 37 Blue,758253895361    
3541,Essex 37 Blue,758253895378    
3542,Essex 37 Blue,758253895385    
3543,Essex 37 Blue,758253895392    
3544,Essex 37 Blue,758253895408    
3545,Essex 37 Blue,758253895415    
3546,Essex 37 Multi,758253895422    
3547,Essex 37 Multi,758253895439    
3548,Essex 37 Multi,758253895446    
3549,Essex 37 Multi,758253895453    
3550,Essex 37 Multi,758253895460    
3551,Essex 37 Multi,758253895477    
3552,Essex 37 Spice,758253895484    
3553,Essex 37 Spice,758253895491    
3554,Essex 37 Spice,758253895507    
3555,Essex 37 Spice,758253895514    
3556,Essex 37 Spice,758253895521    
3557,Essex 37 Spice,758253895538    
3558,Essex 38 Blue,758253895545    
3559,Essex 38 Blue,758253895552    
3560,Essex 38 Blue,758253895569    
3561,Essex 38 Blue,758253895576    
3562,Essex 38 Blue,758253895583    
3563,Essex 38 Blue,758253895590    
3564,Essex 38 Teal,758253895606    
3565,Essex 38 Teal,758253895613    
3566,Essex 38 Teal,758253895620    
3567,Essex 38 Teal,758253895637    
3568,Essex 38 Teal,758253895644    
3569,Essex 38 Teal,758253895651    
3570,Essex 38 Gilded,758253895668    
3571,Essex 38 Gilded,758253895675    
3572,Essex 38 Gilded,758253895682    
3573,Essex 38 Gilded,758253895699    
3574,Essex 38 Gilded,758253895705    
3575,Essex 38 Gilded,758253895712    
3576,Essex 39 Linen,758253895729    
3577,Essex 39 Linen,758253895736    
3578,Essex 39 Linen,758253895743    
3579,Essex 39 Linen,758253895750    
3580,Essex 39 Linen,758253895767    
3581,Essex 39 Linen,758253895774    
3582,Odyssey AOD36 Midnight,758253895781    
3583,Odyssey AOD36 Midnight,758253895798    
3584,Odyssey 36 Midnight,758253895804    
3585,Odyssey 36 Midnight,758253895811    
3586,Odyssey 36 Midnight,758253895828    
3587,Odyssey 36 Midnight,758253895835    
3588,Odyssey AOD37 Space,758253895842    
3589,Odyssey AOD37 Space,758253895859    
3590,Odyssey 37 Space,758253895866    
3591,Odyssey 37 Space,758253895873    
3592,Odyssey 37 Space,758253895880    
3593,Odyssey 37 Space,758253895897    
3594,Odyssey AOD37 Mercury,758253895903    
3595,Odyssey AOD37 Mercury,758253895910    
3596,Odyssey 37 Mercury,758253895927    
3597,Odyssey 37 Mercury,758253895934    
3598,Odyssey 37 Mercury,758253895941    
3599,Odyssey 37 Mercury,758253895958    
3600,Odyssey AOD38 Apollo,758253895965    
3601,Odyssey AOD38 Apollo,758253895972    
3602,Odyssey 38 Apollo,758253895989    
3603,Odyssey 38 Apollo,758253895996    
3604,Odyssey 38 Apollo,758253896009    
3605,Odyssey 38 Apollo,758253896016    
3606,Odyssey AOD31 Saturn,758253896023    
3607,Odyssey AOD31 Saturn,758253896030    
3608,Odyssey 31 Saturn,758253896047    
3609,Odyssey 31 Saturn,758253896054    
3610,Odyssey 31 Saturn,758253896061    
3611,Odyssey 31 Saturn,758253896078    
3612,Odyssey AOD32 Stellar,758253896085    
3613,Odyssey AOD32 Stellar,758253896092    
3614,Odyssey 32 Stellar,758253896108    
3615,Odyssey 32 Stellar,758253896115    
3616,Odyssey 32 Stellar,758253896122    
3617,Odyssey 32 Stellar,758253896139    
3618,Odyssey AOD32 Nova,758253896146    
3619,Odyssey AOD32 Nova,758253896153    
3620,Odyssey 32 Nova,758253896160    
3621,Odyssey 32 Nova,758253896177    
3622,Odyssey 32 Nova,758253896184    
3623,Odyssey 32 Nova,758253896191    
3624,Odyssey AOD32 Mars,758253896207    
3625,Odyssey AOD32 Mars,758253896214    
3626,Odyssey 32 Mars,758253896221    
3627,Odyssey 32 Mars,758253896238    
3628,Odyssey 32 Mars,758253896245    
3629,Odyssey 32 Mars,758253896252    
3630,Odyssey AOD32 Cosmic,758253896269    
3631,Odyssey AOD32 Cosmic,758253896276    
3632,Odyssey 32 Cosmic,758253896283    
3633,Odyssey 32 Cosmic,758253896290    
3634,Odyssey 32 Cosmic,758253896306    
3635,Odyssey 32 Cosmic,758253896313    
3636,Odyssey AOD32 Venus,758253896320    
3637,Odyssey AOD32 Venus,758253896337    
3638,Odyssey 32 Venus,758253896344    
3639,Odyssey 32 Venus,758253896351    
3640,Odyssey 32 Venus,758253896368    
3641,Odyssey 32 Venus,758253896375    
3642,Odyssey AOD33 Earth,758253896382    
3643,Odyssey AOD33 Earth,758253896399    
3644,Odyssey 33 Earth,758253896405    
3645,Odyssey 33 Earth,758253896412    
3646,Odyssey 33 Earth,758253896429    
3647,Odyssey 33 Earth,758253896436    
3648,Odyssey AOD34 Neptune,758253896443    
3649,Odyssey AOD34 Neptune,758253896450    
3650,Odyssey 34 Neptune,758253896467    
3651,Odyssey 34 Neptune,758253896474    
3652,Odyssey 34 Neptune,758253896481    
3653,Odyssey 34 Neptune,758253896498    
3654,Odyssey AOD35 Galaxy,758253896504    
3655,Odyssey AOD35 Galaxy,758253896511    
3656,Odyssey 35 Galaxy,758253896528    
3657,Odyssey 35 Galaxy,758253896535    
3658,Odyssey 35 Galaxy,758253896542    
3659,Odyssey 35 Galaxy,758253896559    
3660,Avignon AAV36 Bronze,758253896566    
3661,Avignon AAV36 Bronze,758253896573    
3662,Avignon 36 Bronze,758253896580    
3663,Avignon 36 Bronze,758253896597    
3664,Avignon 36 Bronze,758253896603    
3665,Avignon 36 Bronze,758253896610    
3666,Avignon AAV36 Grey,758253896627    
3667,Avignon AAV36 Grey,758253896634    
3668,Avignon 36 Grey,758253896641    
3669,Avignon 36 Grey,758253896658    
3670,Avignon 36 Grey,758253896665    
3671,Avignon 36 Grey,758253896672    
3672,Avignon AAV36 Stone,758253896689    
3673,Avignon AAV36 Stone,758253896696    
3674,Avignon 36 Stone,758253896702    
3675,Avignon 36 Stone,758253896719    
3676,Avignon 36 Stone,758253896726    
3677,Avignon 36 Stone,758253896733    
3678,Avignon AAV37 Mushroom,758253896740    
3679,Avignon AAV37 Mushroom,758253896757    
3680,Avignon 37 Mushroom,758253896764    
3681,Avignon 37 Mushroom,758253896771    
3682,Avignon 37 Mushroom,758253896788    
3683,Avignon 37 Mushroom,758253896795    
3684,Avignon AAV37 Rose,758253896801    
3685,Avignon AAV37 Rose,758253896818    
3686,Avignon 37 Rose,758253896825    
3687,Avignon 37 Rose,758253896832    
3688,Avignon 37 Rose,758253896849    
3689,Avignon 37 Rose,758253896856    
3690,Avignon AAV37 Gilded,758253896863    
3691,Avignon AAV37 Gilded,758253896870    
3692,Avignon 37 Gilded,758253896887    
3693,Avignon 37 Gilded,758253896894    
3694,Avignon 37 Gilded,758253896900    
3695,Avignon 37 Gilded,758253896917    
3696,Avignon AAV37 Multi,758253896924    
3697,Avignon AAV37 Multi,758253896931    
3698,Avignon 37 Multi,758253896948    
3699,Avignon 37 Multi,758253896955    
3700,Avignon 37 Multi,758253896962    
3701,Avignon 37 Multi,758253896979    
3702,Avignon AAV38 Peacock,758253896986    
3703,Avignon AAV38 Peacock,758253896993    
3704,Avignon 38 Peacock,758253897006    
3705,Avignon 38 Peacock,758253897013    
3706,Avignon 38 Peacock,758253897020    
3707,Avignon 38 Peacock,758253897037    
3708,Avignon AAV38 Grey,758253897044    
3709,Avignon AAV38 Grey,758253897051    
3710,Avignon 38 Grey,758253897068    
3711,Avignon 38 Grey,758253897075    
3712,Avignon 38 Grey,758253897082    
3713,Avignon 38 Grey,758253897099    
3714,Avignon AAV38 Blue,758253897105    
3715,Avignon AAV38 Blue,758253897112    
3716,Avignon 38 Blue,758253897129    
3717,Avignon 38 Blue,758253897136    
3718,Avignon 38 Blue,758253897143    
3719,Avignon 38 Blue,758253897150    
3720,Avignon AAV38 Stone,758253897167    
3721,Avignon AAV38 Stone,758253897174    
3722,Avignon 38 Stone,758253897181    
3723,Avignon 38 Stone,758253897198    
3724,Avignon 38 Stone,758253897204    
3725,Avignon 38 Stone,758253897211    
3726,Avignon AAV39 Gilded,758253897228    
3727,Avignon AAV39 Gilded,758253897235    
3728,Avignon 39 Gilded,758253897242    
3729,Avignon 39 Gilded,758253897259    
3730,Avignon 39 Gilded,758253897266    
3731,Avignon 39 Gilded,758253897273    
3732,Avignon AAV39 Blue,758253897280    
3733,Avignon AAV39 Blue,758253897297    
3734,Avignon 39 Blue,758253897303    
3735,Avignon 39 Blue,758253897310    
3736,Avignon 39 Blue,758253897327    
3737,Avignon 39 Blue,758253897334    
3738,Avignon AAV39 Rose,758253897341    
3739,Avignon AAV39 Rose,758253897358    
3740,Avignon 39 Rose,758253897365    
3741,Avignon 39 Rose,758253897372    
3742,Avignon 39 Rose,758253897389    
3743,Avignon 39 Rose,758253897396    
